CIDADE ,UF,NOME,TELEFONE ,ENDEREÇO ,INSTAGRAM ,QUEIMA ,TEMPERATURA ,"Você também vende materiais, como argila, esmaltes, etc?",,,,Qual seu nome?
Vitória ,ES,TERÊ cerâmica,(27) 99901-7581,,https://instagram.com/tere.arte,Elétrico,1220ºC,,,,,Heloisa Amorim
Florianópolis ,SC,Vanessa Silveira,(48) 9915r-6410,,www.duasstudiodeceramica.com.br / https://instagram.com/duas.studiodeceramica,Elétrico,Todas as temperaturas ate 1260,,,,,Vanessa Silveira
Brasília ,DF,Cumbucas Ceramica Artesanal,61 992977788,,https://instagram.com/cumbucasceramicaartesanal,Elétrico,1240ºC,,,,,Fernanda Detoni
Rio Branco ,Acre,Ms ceramica,(68) 999848291,,Marquilene,Elétrico,"980ºC, 1240ºC",,,,,Marquilene
São Paulo ,SP,Casa Ximbó ,11 981421470,"Rua Ximbó, 198, Aclimação ",https://instagram.com/casa_ximbo,Elétrico,"1240ºC, Outras temperaturas à combinar o forno fechado ",,,,,
Curitiba,PR,Pret a Potter,(41) 98827-0301,"Petit Carneiro, 295, Água Verde",https://instagram.com/pretapotter,Elétrico,"980ºC, 1100ºC, 1240ºC, 780°C",,,,,
São Paulo ,SP,Ateliê toque de argila,11982028925,Rua Gracindo de Sá 71,www.toquedeargila.com (site) helo_montagna (instagram),Elétrico,"980ºC, 1100ºC",,,,,
São Paulo,SP,Mimma Ito,11991312754,"Rua Ângelo Perobelli,83",https://instagram.com/mimmaceramica,"Elétrico, Gás","980ºC, 1220ºC, 1240ºC",,,,,
Curitiba,PR,Lab.atelier,41 997980007,Rua Sinke Ferreira  832 -:Jardim.das Americas ,Lucianakanishi,Elétrico,"980ºC, 1100ºC, 1200ºC, 1220ºC, 1240ºC",,,,,
Florianópolis ,SC,FAFERIA OFICINAS,"4830656534, 48991460251","Rua Fernando Machado, 261, centro, Florianópolis","www.faferia.com, https://instagram.com/faferia.arte",Elétrico,"980ºC, 1100ºC, 1200ºC, 1220ºC, 1240ºC, dois fornos, até 1300 graus",,,,,
Curitiba,PR,Áurea Design Lab,41 984037440,"Rua Cyrillo Merlin, 841",https://instagram.com/aureadesignlab www.aureadesignlab.com.br,Elétrico,"980ºC, 1100ºC, 1200ºC, 1220ºC, 1240ºC",,,,,
São Paulo,SP,Cerâmica Mansidão,(11) 974081992,Rua Leoberto Leal 21 Jardim Adelaide (Itaquera),https://instagram.com/ceramica.mansidao,Elétrico,1240ºC,,,,,
Vila Velha,ES,Terapia do Barro,27997390775,Rua Moscoso,www.terapiadobarro.com.br,Gás,"1220ºC, 1240ºC, 1300",,,,,
Curitiba,PR,Patrícia,41995442686,"Estrada Guilherme Weigert, 999 - Santa Cândida",https://instagram.com/patriciacarvalho_design,Elétrico,"980ºC, 1240ºC",,,,,
São Paulo ,SP,Casa Potia,11 98383-8587,"Rua Doutor Ulisses, 2",https://instagram.com/casapotia,Elétrico,"980ºC, 1100ºC, 1200ºC, 1220ºC, 1240ºC",,,,,
São Paulo,SP,Escola Havana,011955505537,"Avenida Conselheiro Rodrigues Alves, 722","www.escolahavana.com.br

https://instagram.com/escolahavana",Elétrico,"980ºC, 1200ºC",,,,,
Recife,PE,Ateliê Micaella Alcântara,81 9 8797-0237,"Av . Rui Barbosa ,57 - Graças ",https://instagram.com/micaella.alcantara,Elétrico,"980ºC, 1100ºC, 1200ºC, 1220ºC, 1240ºC",,,,,
Curitiba,PR,Ateliê Gee Cerâmica,(41) 999620399,"Rua Deputado Fernando Ferrari, 195",Gee Cerâmica,Elétrico,"980ºC, 1100ºC, 1200ºC, 1220ºC",,,,,
São Paulo,SP,Fika Open Art Studio,11975914098,"R Luis Pereira de Almeida, 50",Fika.art.br ou https://instagram.com/fika.open.art.studio,Elétrico,1240ºC,,,,,
Maringá ,PR,Casa Lama,14997231621,"Rua Mato Grosso, 391 - Recanto São Jorge ",http://instagram.com/casa_lama,"Elétrico, Gás","980ºC, 1240ºC",,,,,
Cotia,SP,Makoto Fukuzawa,(11) 98538-6640,"Rua Fidalga,960 vila Madalena",https://instagram.com/makotofukuzawa,Lenha,"1280, 1300,1320,1340",,,,,
Brasília ,DF,Mariana franco,61 999360406,Sqsw 305 bloco a,,Elétrico,"980ºC, 1220ºC, 1240ºC, 900",,,,,
Curitiba,PR,OBarroca Atelier,41996021932,Rua Flávio de Azevedo Macedo 134,https://instagram.com/obarrocaatelier,Elétrico,1200ºC,,,,,
Curitiba,PR,Circular Atelier Curitiba ,99912-4363 3319-3164,"Rua Desembargador Arthur Leme, 340 Bacacheri",Instagram.com/circularatelier,Elétrico,"980ºC, 1240ºC, 900 biscoito",,,,,
Bragança Paulista ,SP,Atelier de Cerâmica Malu Muhamad ,(11)97335-6779,"Av.do Ipê 282,condomínio Jd das Palmeiras ",ceramica_malu_muhamad,Gás,"1100ºC, 1.260°C",,,,,
São Paulo ,SP,Loucas por barro,(11) 99273-0706,Rua André Domingues 20,,Elétrico,"1220ºC, 900",,,,,
Rio de Janeiro,RJ,Ateliê Cinco Elementos,(21) 96942-6551,Pedra de Guaratiba - Magarça.,https://www.instagram.com/ateliecincoelementos/,"Gás, Lenha","980ºC, 1100ºC",,,,,
Bombinhas ,SC,Ateliê Casa de Cerâmica de Roger Bally,(47) 3393-3456,"Rua Pérola, 14 Bairro Mariscal","https://instagram.com/ballyroger 
https://instagram.com/casadeceramica",Elétrico,"980ºC, 1220ºC, 1240ºC, 800 Vidro e Porcelana ",,,,,
Campo  Grande ,MS,Helena Belalian ,(67) 99273-2887,Rua São Félix  475 - Vilasboas ,https://instagram.com/helenabelalian,Elétrico,"980ºC, 1220ºC, 1240ºC",,,,,
Guarapari,ES,Bi Atelier,(27) 99928-7007,"Rodovia do Sol, km 63, Sítio Serimorê, Meaípe",https://instagram.com/biancavidal7,Elétrico,"980ºC, 1100ºC, 1200ºC, 1220ºC, 1240ºC",,,,,
Recife,PE,Espaço Arteiras,(81) 99168-9486,"Rua Guaianazes, 426  Campo Grande",https://instagram.com/espacoarteiras,Elétrico,"980ºC, 1100ºC, 1200ºC, 1220ºC, 1240ºC",,,,,
Cotia,SP,Néo Cerâmica,(11) 99830-8880,Via Vitória Régia 125 Jardim Colibri,https://instagram.com/neo.ceramica,Elétrico,"1240ºC, 850 graus (biscoito)",,,,,
Marília,SP,Maria de Barro cerâmica ,(14) 99141-4646,"Rua Santa Helena,909 casa J239",https://instagram.com/mariadebarroceramica,Elétrico,"1220ºC, 1240ºC",,,,,
Fortaleza,CE,D’Góes Ateliê de Artes,(85) 99991-3322,"Rua Júnior Rocha,1179-Bairro Parque Manibura",https://instagram.com/dgoes.atelie,Elétrico,"980ºC, 1100ºC, 1200ºC, 1220ºC, 780/580 graus",,,,,
São Paulo,SP,a tati que fez,(11) 98402-6578,Campo Belo,https://instagram.com/atatiquefez,Elétrico,"980ºC, 1100ºC, 1200ºC, 1220ºC, 1240ºC",,,,,
Londrina,PR,Wiviane Knott ,(43) 99131-2912,"Alameda Ipê Roxo,  230",https://instagram.com/wiviane.knott,Elétrico,"980ºC, 1100ºC, 1200ºC",,,,,
Itajaí ,SC,Atelier Casa com Arte,(47) 99965-2009,"Rua Heitor Liberato, 941",https://instagram.com/ateliercasacomarte,Elétrico,"980ºC, 1240ºC, 750 para porcelana ",,,,,
Atibaia ,SP,Consentino Cerâmica ,(11) 98714-2617,"Rua Caruatinga, 183",https://instagram.com/consentinoceramica,Elétrico,"980ºC, 1100ºC",,,,,
Nova Lima ,MG,Ateliê Compart,(31) 99993-7440,"Alameda das Rosas,362. Condominio Bosque do Jambreiro",https://instagram.com/ateliecompart,"Elétrico, Gás","980ºC, 1100ºC, 1200ºC, 1220ºC, Raku",,,,,
Porto Alegre ,RS,Le Petit Estúdio Criativo ,(51) 98193-8293,"Rua Tomaz Flores, 327 segundo andar",https://lepetitceramica.com/,Elétrico,"980ºC, 1100ºC, 1240ºC",,,,,
Serra Negra,SP,Marilena Griesinger,(19) 99748-5749,"Sítio São Pedro, bairro Tabaranas",https://instagram.com/ateliedaserra,Elétrico,"980ºC, 1100ºC",,,,,
,,,,,,,,,,,,
,,,,,,,,,,,,
Chapada dos Guimarães,MS,Barroinflor_,(65) 99615-0355,"Vale do Jamaca, 800 (chácara morada do ipê)",https://instagram.com/Barroinflor_,Elétrico,1300,,,,,
Indaiatuba,SP,Adriana Art - Adriana parpinel cavina ,(19) 98368-4358,"avenida gentil Martins, 704 - jardim do império - vila Ytu - Quadra 11 Lote 37/ cep :- 13.348-701",https://instagram.com/aadriana.art,Elétrico,"980ºC, 1220ºC, 1240ºC, 800 *C - porcelana ",,,,,
Itu ,SP,Fernanda Bordini ,(11) 97566-1983,"Por favor, entre em contato no celular para ter acesso ao endereço ",https://instagram.com/ferbordini ,Elétrico,"980ºC, 1200ºC, 1220ºC, 1240ºC",,,,,
Rondonópolis ,MT,Arte e flores - Dislene Barbosa,(66) 99653-5692,Rua Luiz Aníbal dos Santos,https://instagram.com/dislenebarbosa,Gás,1100ºC,,,,,
Ribeirão Preto,SP,Aruna,(16) 98123-0770,"Rdv Antônio Machado Santana, km 6,4",https://instagram.com/arunaceramica,Elétrico,1240ºC,,,,,
São Paulo ,SP,Atelie de ceramica cambuci ,(11) 99582-6141,Rua Paes de Andrade ,https://instagram.com/cambuciceramica,Elétrico,"980ºC, 1220ºC, 1240ºC",,,,,
São Paulo,SP,Ateliê Silvia Tortorella ,(11) 99241-2002,Rua Major Prado 42 - Moema ,Ateliê Silvia Tortorella ,Elétrico,1200ºC,,,,,
Brasília ,DF,Nivia Pimenta Cerâmica ,(61) 98146-5105 ,"SHA, Conjunto 06, chácara 15/1.",https://instagram.com/niviapimentaceramista,Elétrico,"980ºC, 1100ºC, 1200ºC",,,,,
Santana de Parnaiba,SP,Ceramica de ateliê e arte,(11) 99999-8496,"Estrada do Ingai, 1654 - Quintas do Ingai ",https://instagram.com/ceramicadeatelieearte ,Elétrico,"1220ºC, 1240ºC",,,,,
Coronel vivida,PR,Manu cerâmicas,(46) 99141-7557,Br 373 km 57 restaurante piosko,https://instagram.com/manuceramicas,Elétrico,"980ºC, 1240ºC",,,,,
Santos ,SP,Atelier Morro do Bambu,(13) 3397-3788,Rua Paraguay 119,https://instagram.com/morrodobambu,Elétrico,1240ºC,argilas Pascoal ,,,,
Curitiba ,PR,connie_artes ,(41) 98402-9432,"Rua Professor Manoel Vieira de Alencar, 400",https://instagram.com/connie_artes ,Elétrico,"980ºC, 1100ºC, 1200ºC, 1220ºC, 1240ºC",Esmaltes da casa do Ceramista e se pedir com antecedência posso vender argila também. ,,,,
Belo Horizonte,MG,Origem Atelier,(31) 98458-9604,Rua Joaquim. Linhares 58/301 bairro Anchieta,https://instagram.com/origem.atelier,Elétrico,"1220ºC, 1240ºC",,,,,
Curitiba,PR,Omma Cerâmica ,(41) 99654-2454,"Rua Dr. Rubem Fleury da Rocha, 132",https://linktr.ee/OmmaCeramica,Elétrico,"980ºC, 1240ºC",,,,,
Piracicaba,SP,Thais Prado Saraiva ,(19) 99885-1980,Rua Professor Hélio penteado de Castro 784,https://instagram.com/thaispradosaraiva ,Elétrico,"980ºC, 1100ºC, 1200ºC",Ainda não ,,,,
Londrina,PR,Ateliê de Arte Benutti,(43) 99991-4383,"Para,1234",https://instagram.com/benutticeramica,Elétrico,"980ºC, 1220ºC","Sim, argila.",,,,
Curitiba ,PR,Atelier Jóia Cerâmica ,(41) 99985-5948,Rua Cecília Meireles 656 São Lourenço,https://instagram.com/ocleris_muzzillo,Elétrico,"980ºC, 1100ºC, 1220ºC",,,,,
Itajai ,SC,PZceramica ,47)99674-4152,"Rua: Aderbal Ramos da Silva,37 Centro",https://instagram.com/pzceramica,Elétrico,1240ºC,Argila,,,,
Taubate,SP,Isabel Moreira,(12) 99682-7677,Rua Grécia 300 Jardim das Nacoes,AtelieBel’art,Elétrico,"980ºC, 1220ºC",Nao,,,,
CUIABÁ,MT,Ateliê Nice Aretê,(65) 99283-7578,"Rua buriti,28, Jd Ubirajara, CEP 78049-510",https://instagram.com/nice_arete,"Elétrico, Gás","980ºC, 1100ºC",Não,,,,
São Paulo ,SP,Otavio Crepaldi - Cerâmicas Manuale ,(11) 99323-5855,"Avenida Diógenes Ribeiro de Lima, 2001 - Alto de Pinheiros ",https://instagram.com/ceramicasmanuale,Elétrico,850ºC ,Não ,,,,
Florianópolis,SC,Ateliê Desinutil,(48) 99652-1025,Rua revoar das gaivotas,ateliedesinutil.wordpress.com,"Elétrico, Gás","980ºC, 1100ºC, 1200ºC, 1220ºC, 1240ºC, Oxidante e redutora","Temos argila, óxidos, esmaltes, engobes e construção de fornos.",,,,
Pontal do Sul,PR,Vanuzia Matos Arte em Cerâmica,(41) 99235-6504,"Rua Canada, 101, Balneário Atami Sul",https://www.instagram.com/vanuziamatos14/,Elétrico,1240ºC,Não,,,,
Ubatuba ,SP,Ami Atelie ,(11) 98191-4499,Av Carlos Drummond de Andrade 596,https://www.instagram.com/ami.atelie/,Elétrico,1240ºC,,,,,
São Paulo,SP,Ateliê Silvia Tortorella ,(11) 99241-2002,Rua Major Prado 42 - Moema ,https://www.instagram.com/silviatortorella/,Elétrico,1200ºC,,,,,
Fortaleza ,CE,Vila Arte,(85) 3046-3693,"Rua Professor Dias da Rocha,  10 - térreo.  BMeireles ",https://www.instagram.com/vila_arte/,Elétrico,"980ºC, 1100ºC, 1200ºC, 1220ºC, 1240ºC",Sim. Temos argilas ,,,,
Campinas,SP,Ateliê Ventre da Terra,(19) 99131-1818,"Rua Desembargador Antão de Moraes, 588 Cidade Universitária - Campinas SP",https://www.instagram.com/atelieventredaterra/,Elétrico,1240ºC,"Sim, argila.",,,,
,,,,,,,,,,,,
São Paulo ,SP,Ateliê Luz da Terra,(11) 99894-7192,"Rua Rogério Giorgi, 154, Vila Carrão.",https://www.instagram.com/atelie_luzdaterra/,Elétrico,"980ºC, 1100ºC, 1200ºC, 1220ºC",Não.,,,,
Campo Grande,MS,Atelie Alexandra Camillo,(67) 99202-4410,"Rua Monte Belo, 120",https://www.instagram.com/ateliealexandracamillo/,Elétrico,"1220ºC, 1240ºC, 1050°C","Temos argilas de vários fornecedores, esmaltes e ferramentas",,,,
Porto Alegre,RS,Felipe Amaral Borges,(51) 99840-4021,"Engenheiro Coelho Parreira, 109 Ipanema",https://www.instagram.com/otalfelipe,Elétrico,"980ºC, 1100ºC, 1200ºC, 1220ºC, 1240ºC",,,,,
São Paulo ,SP,Otavio Augusto Batista da Silva Crepaldi ,(11) 99313-5855,"Avenida Diógenes Ribeiro de Lima, 2001 - Alto de Pinheiros ",https://instagram.com/ceramicasmanuale,Elétrico,"1220ºC, 800ºC",,,,,
,,,,,,,,,,,,
Porto Alegre ,RS,Atelier Katia Schames ,(51) 3024-2452  (51) 99730-1124,Rua Felipe de Oliveira 1011 Bairro Petrópolis ,https://www.instagram.com/atelierkatiaschames ,Elétrico,"980ºC, 1100ºC, 1200ºC, 1220ºC, 1240ºC",Argilas do Pascoal Massas,,,,
Belo Horizonte,MG,Atelier Artes do Fogo by Adriana Pires,(31) 97146-2888,Rua Almirante Barroso,https://www.instagram.com/atelier_artes_do_fogo_ ,Elétrico,"980ºC, Queima de porcelana e queima em vidro","Provavelmente, pós pandemia voltarei a vender. No momento, só atendo encomendas e faço as queimas.",,,,
Santo André ,SP,Flor de Lis ,(11) 99994-0916,"Rua Visconde de Mauá, **4",https://www.instagram.com/flordelis.ceramica/,Elétrico,"980ºC, 1220ºC",não ,,,,
São Francisco do Sul ,SC,Cerâmicas da Vania,(11) 94382-8991,"Rua Canelinha, 194 - Ubatuba ",https://www.instagram.com/ceramicasdavania/,Elétrico,"1240ºC, 900°C ",Ainda não ,,,,
Curitiba ,PR,Ar.te - TATIANA PAZ ,(41) 98715-8245,Rua Richard Strauss 23 - Bairro Vista Alegre ,https://www.instagram.com/ar.te_atelie/,Elétrico,"980ºC, 1100ºC, 1200ºC","Materiais 
Tintas para porcelana 
Esmaltes para ceramica de baixa e alta temperatura  - sob encomenda ",,,,
Avaré,SP,Atelier Bia Monteiro,(14) 98147-8344,Rua Irlanda 175 Jardim Europa,https://www.instagram.com/atelierbiamonteiro/,Elétrico,1240ºC,Não,,,,
Florianópolis ,SC,Casa da Armação ,(51) 99964-9266 (51) 99938-4434,"Rodovia Dr. Antônio Luiz Moura Gonzaga, 2934",https://www.instagram.com/casa_da_armacao/,Elétrico,"980ºC, 1100ºC, 1200ºC","Massas cerâmicas, argilas naturais, esmaltes, ferramentas, aventais, esculturas, cerâmica artística, vasos de olaria e outros ",,,,
Curitiba ,PR,Ceramicazim ,(41) 99687-9092,"Rua Senador Antônio Jorge Machado Lima, 440. Pilarzinho. ",https://www.instagram.com/ceramicazim/,Elétrico,"980ºC, 1100ºC, 1220ºC, 1050 graus e 760 graus ",Venda de aventais para torno e modelagem ,,,,
,,,,,,,,,,,,
São Paulo e Caucaia do Alto,SP,Daisy Grisolia e Makoto Fukuzawa,(11) 99999-4394,Rua Fidalga 960 - Vila Madalena,"Seramica-kerameikos, Makoto forma e fogo","Elétrico, Lenha","980ºC, 1100ºC, 1200ºC, 1220ºC, 1240ºC",não,,,,
Brasília,DF,Olaria das Lameiras,(61) 99829-6776,Asa Norte,,Elétrico,"980ºC, 1100ºC, 1200ºC, 1220ºC, 1240ºC","Vendo Massas Cerâmicas Terra Nova (Branca FL, Cappuccino e Sépia: todas para cone 6 e 7) e insumos para esmalte (Feldspato Potássico, Sílica, Talco, Calcita, Caulim e Argila São Simão - Ball Clay)",,,,
Belo Horizonte ,MG,Floriê - Floricultura e ateliê de cerâmica ,(31) 97132-0884,"Rua Josias Casimiro, 147 - Sagrada Família ","https://www.instagram.com/florie_147/
https://www.instagram.com/raisapaco/",Gás,980ºC,Não ,,,,
Cunha,SP,Atelier Tokai ,(12) 98176-0700,Dr. Paulo Jarbas das Silva s/n,https://www.instagram.com/ateliertokai/,"Gás, Lenha","1100ºC, 1300°",,,,,
Bauru,SP,Vida Nurani ceramicas,(14) 98822-6982,"Rua crhistiano pagani 8-51, jardím auri verde. ",https://www.instagram.com/vida.ceramica/,Elétrico,"980ºC, 1240ºC",Vendo argilas e futuramente esmaltes tbm. ,,,,
Fortaleza,CE,D’Góes Ateliê de Artes,(85) 99991-3321,"Rua Junior Rocha,1179",https://instagram.com/dgoes.atelie,Elétrico,"980ºC, 1100ºC, 1200ºC, 1220ºC",,,,,
Atibaia,SP,Solange Braile,(11) 97223-6596,"Rua Viena,58",,Elétrico,"todos, só programar, mais normalmente biscoito e baixa temperatura, posso fazer até 1300º",não,,,,
Londrina,PR,Mariana Jurca,"(43) 3334-0915 
(43) 99662-4038","Rua Iberis, 44 - São Pedro",,Elétrico,980ºC,Não ,,,,
São Sebastião,SP,MAc. Maurício Fontes Ayroso,(12) 99716-6248,"Rua Maria Chulia de Jesus, 331 Boiçucanga",https://instagram.com/ayrosomauricio ,Elétrico,"980ºC, 1100ºC, 1200ºC, 1220ºC, 1240ºC",Vendo argila para pessoas próximas. ,,,,
Rio de janeiro,RJ,Ateliê Marufatura - Maru lazzaroggi,(21) 97967-7697,"Estrada dos bandeirantes, 22774, Espaço Nectar, loja 7, Vargem Grande",https://instagram.com/marufatura,Elétrico,850ºC / 980ºC -1170ºC/1240ºC,Fazemos revenda da Argila Massa Nova Terra. Trabalhamos com alguns tons de argila para alta temperatura. ,,,,
São Paulo ,SP,Atelier Dadá e Renata,(11) 96061-0636,Avenida Jabaquara 2940/81,https://instagram.com/atelierdadaerenata,Elétrico,"980ºC, 1100ºC, 1200ºC, 1220ºC, 1005°",Vendemos peças biscoito alta e baixa,,,,
São José do Rio Preto,SP,Porto Bonsai,(17) 99611-7717,"Rua Chicrala Abrahão, 259",www.portobonsai.com.br,Gás,"980ºC, 1240ºC",Vasos de bonsai,,,,
Aracaju,SE,Atelie Matéria Prima,(79) 99979-0317,"Av. Des. João Bosco de Andrade Lima, 1250",www.ateliemateriaprima.com.br,"Elétrico, Gás","980ºC, 1100ºC, 1200ºC, 1220ºC, 1240ºC",Vendemos argila,,,,
Belo Horizonte ,MG,Ateliê Arte e Alma,(31) 99633-7401,"Rua Raul Pedreira Passos, 125 bairro São Bento - Belo Horizonte-MG",https://instagram.com/ateliearteealma,Elétrico,"980ºC, 1100ºC, 1200ºC, 1220ºC, 1240ºC",Não ,,,,
Aracaju,SE,Atelie Akaîú de ceramica artistica,(79) 99949-5921,Rua Francisco Rabello leite Neto 28,https://instagram.com/anacaruceramica,Elétrico,1200ºC,Vendo massas da Terra Nova,,,,
São José dos Campos ,SP,Poncioni cerâmica,(12) 99138-3767,"Avenida do Tubarão, 120 - Jd Aquarius",https://www.instagram.com/andreaponcioni/,Elétrico,1260 graus,Não,,,,
São Caetano do Sul,SP,DeZíy Atelier de Cerâmica,(11) 93334-3976,"Rua Amazonas, 773 - 2º andar - Centro",https://www.instagram.com/deziyatelier,Elétrico,"980ºC, 1220ºC, 1240ºC, Para o caso de locação total do forno, a queima pode ser feita na temperatura desejada pelo Ceramista, até 1260⁰C",,,,,
São Paulo,SP,Ateliê Matéria da Terra,(11) 99915-9910,"Rua São Paulino, 248 Vila Mariana",https://www.instagram.com/nadiasaadsp ,Elétrico,"980ºC, 1240ºC",Nao,,,,
Taubaté,SP,Bel’Art Ateliê de ceramica,(12) 99682-7677,Rua Grécia 300 Jd das Nações ,https://www.instagram.com/atelier.belart/,Elétrico,"980ºC, 1220ºC",Não ,,,,
Curitiba,PR,Estúdio Ceramina - Marcelle Langaro,(41) 99865-6990,R. Manoel dos Santos Barreto 152 ,https://www.instagram.com/estudioceramina,Elétrico,"980ºC, 1220ºC, 1240ºC","Sim. Argilas Rezende, matérias primas e ferramentas para cerâmica ",,,,
São Paulo ,SP,Sala de Cerâmica ,(19) 99213-4585,Av. Jabaquara 2940,https://www.instagram.com/brunoceramist ,Elétrico,"980ºC, 1200ºC",Vendemos peças ,,,,
Triunfo ,RS,Sabrina Azeredo,(51) 99782-5152,"Rua Iracema de Alencar, 101",@compreferias ou @darthbriina,Elétrico,"980ºC, 1100ºC",,,,,
Itajaí,SC,Cerâmica AR,(47) 99194-1307,"Rua Benjamin Constant, 367 - Cabeçudas ",https://www.instagram.com/ceramica.ar,Elétrico,"980ºC, 1220ºC",,,,,
Avare,SP,Atelier Bia Monteiro ,(14) 98147-8344,Irlanda 175,Atelier Bia Monteiro ,Elétrico,"980ºC, 1100ºC, 1200ºC, 1220ºC, 1240ºC",Não ,,,,
Florianópolis ,SC,Alma da Ilha Cerâmicas,(48) 99806-5206,"Rodovia Jornalista Manoel de Menezes, 2201 casa 15 Barra da Lagoa ",@almadailha,Elétrico,"980ºC, 1220ºC, 1240ºC",,,,,
Pomerode,SC,Petricor Cerâmicas,(48) 99114-9680,"Rua Santa Catarina, 127, Centro.",@petricor.ceramicas,Elétrico,1240ºC,"Não vendo, mas fazemos parte de um grupo de ceramistas que encomendam argila juntos.",,,,
Viamão ,RS,Noemi Cauduro,(51) 99165-6133,"Rua da Mata, 1704 - Condomínio Goufe II - Águas Claras ",Noemi_cauduro,Elétrico,1240ºC,,,,,
São Paull,SP,Gabriela Motta Ilustração & Cerâmica,(11) 96992-1917,"Rua Dona Veridiana, 28 Higienópolis ",https://www.instagram.com/patarisonha/ e https://gabrielamotta.com/,Elétrico,"980ºC, 1220ºC",,,,,
Osasco ,SP,Ceramicas Artico,(11 99255-0184,Bairro Adalgisa ,@ceramicasartico,Elétrico,"980ºC, 1220ºC, 1240ºC",,,,,
Águas Claras,DF,Ateliê de Artes Andréia Porto,(61) 99832-4320 ou (61) 98669-1742,"Rua 24 Norte, loja 20, Galeria La Belle Maison Personnalisee",andreiaporto.arte,Elétrico,1240ºC,Não. Apenas esculturas e utilitários.,,,,
Joinville,SC,Ateliê de arte Cerâmica Gleici Kannenberg,(47) 99168-3299,Rua: Silva Jardim 13 Glória,@gleicikannenberg ,"Elétrico, Gás","980ºC, 1220ºC",sim vendo alguns matetiais e peças esmaltadas feitas no ateliê ,,,,
Blumenau,SC,Atelier Azul Cobalto,(47) 99977-5263,"Rua Tiradentes, 280 Bairro Bom Retiro",LianaJ1950,Elétrico,"980ºC, 1100ºC, 1200ºC, 1240ºC, 1300°C",Não,,,,
Castelo ,ES,João de Barro Cerâmicas,(28) 99993-1109,Rua Áureo Machado 233 bairro Santo Andrezinho,@joaodebarroceramicas,Elétrico,1240ºC,Faço venda de massas ceramicas ,,,,
Uberlandia,MG,Jardins da Mari,(34) 99765-4604,Praça Rui Barbosa 100 apt 1300 centro,@jardinsdamari e www.jardinsdamari.com,Elétrico,"1240ºC, Biscoito 1050 graus celsius ",Entrar em contato para ver a disponibilidade.,,,,
São Paulo,SP ,Ateliê Marte,(11) 99607-7534,"Rua Inacia Uchoa, 364 - Vila Mariana",Www.marteceramica.com.br ,Elétrico,1240ºC,Não,,,,
São Paulo ,SP,Fabricaatelie coartworking ,(11) 99199-2633,Rua Matarazzo 353 bom retiro,"Www.Fabricaatelie.com.br , Instagram @coartworking, Instagram @rakel_atelier",Elétrico,"980ºC, 1240ºC","Sim , argilas .",,,,
São Luís,MA,Mishi Saike,(98) 99175-4904,"Avenida Alfa, 24B - Parque Atenas",@mishisaike - mishisaike.com,Elétrico,"1240ºC, 900°",Argila local tratada,,,,
Salvador,BA,Tortinho - Carol Morena,(71) 99284-9324,"Av Cardeal da Silva, 454, Federação",https://www.instagram.com/meutortinho/,Elétrico,"980ºC, 1200ºC, 1240ºC",Não.,,,,
São Bernardo do Campo,SP,Kassapaart,(11) 991884287,Rua Mediterraneo,www.kassapaart.com.br; @kassapaart,Elétrico,"980ºC, 1100ºC, 1200ºC, 1220ºC, 1240ºC",Vendo argila,,,,
Curitiba ,PR,Inventiva Atelier ,41999530542,"Comandante José Jeiss neto, 131",inventiva_atelier,Elétrico,600°C - 780°C - 900°C,Não ,,,,
Curitiba ,PR,Inventiva Atelier ,41999530542,"Comandante José Jeiss neto, 131",inventiva_atelier,Elétrico,600°C - 780°C - 900°C,Não ,,,,
Curitiba ,PR,Inventiva Atelier ,41999530542,"Comandante José Jeiss neto, 131",inventiva_atelier,Elétrico,600°C - 780°C - 900°C,Não ,,,,
São Bernardo do Campo,SP,Kassapaart,(11)991884287,"Rua Mediterraneo, 103 - Jardim do Mar",@kassapaart; www.kassapaart.com.br,Elétrico,1240ºC,Sim,,,,
Porto Alegre,RS,Escola de Cerâmica Alma Objetos Cerâmicos,51981750606,Rua Dona Eugênia 811,@almaobjetosceramicos,Elétrico,"980ºC, 1220ºC",Não,,,,
Curitiba,PR,Atelier Casa de Pedra,(41) 99915-6812,"Rua General Aristides Athayde Júnior, 901 - Bigorrilho, Curitiba - PR",@atelier.casadepedra,Elétrico,"980ºC, 1100ºC, 1200ºC, 900°",,,,,
Cotia,SP,Lits Casa,11982343120,Rua das hortensias 21 granja viana,www.litscasa.com ou @litscasa,Elétrico,980ºC,Sim vendo argila baixa temperatura rezende,,,,
São Paulo ,SP,Pote de Ideias ,11 988804119,"Rua Rodrigo Claudio, 138- sala 6. Aclimação",Instagram.com/potedeideias,Elétrico,"980ºC, 1200ºC","Peças em biscoito para baixo esmalte desenhadas ou lisas, tintas sc da mayco, cn e ez da Duncan; esmalte transparente",,,,
Gravataí ,RS,Cecé Cerâmicas ,(51) 991234033,"Estrada do Barro Vermelho, 825, lote 347 Condomínio Paragem dos Verdes Campos",@cececeramicas,Elétrico,1260,Argilas,,,,
Salvador ,BA,Nao tenho ,(71) 98603-9927,Rua Professor Sabino Silva  n862 ap 1002,Nadia Naiara 88,Elétrico,980ºC,,,,,
Teresina,PI,Maria Milene Freitas Ralston,(86) 98185-7777,"Rua Coronel César,1867",Milenefreitas,Elétrico,"980ºC, só queima de porcelana",Somente queima de porcelana,,,,
Igarapé ,MG,Ateliê Barro Com Alma ,(31) 99903-4711,Rua Municipal  195,@ateliebarrocomalma ,Elétrico,"980ºC, 1100ºC, 1200ºC, 1220ºC, 1240ºC",Não ,,,,
Adamantina,SP,Eduardo Viana Montalvão ,(16) 99346-2543,Rua Antônio rivoiro 35,@fornos_Adamantina ,Elétrico,"980ºC, 1100ºC, 1200ºC, 1220ºC, 1240ºC, 1300°C",,,,,
São Francisco do Sul,SC,Angela M R S Muryn,(47) 99984-1477,"Rua Macapá, 127 - Bairro Enseada",@ceramicacomangela,Elétrico,"1220ºC, 1240ºC, biscoito 1050º",Não,,,,
Rio de Janeiro ,RJ,Mariana Donner,(21) 98434-8880,Av padre Leonel Franca 90,https://instagram.com/maridedoverde?utm_medium=copy_link,Elétrico,1100ºC,Não ,,,,
Belo Horizonte ,MG,Ceramic'art,(31) 99852-3131,Rua: evaristo da veiga 110 Bairro:lagoinha,,Gás,980ºC,,,,,
,,,,,,,,,,,,
Ribeirão Preto ,SP ,OpenStudio11 ,(16) 99768-2051,Rua i 225 cond quinta da Boa Vista A ,www.openstudio11.com,Elétrico,"980ºC, 1100ºC, 1200ºC, 1220ºC, 1240ºC","Sim, argilas",,,,
Cotia - Granja Vianna,SP,Studio Di Argilla,(11) 99113-9087,"Av. Jose Giorgi, 1328",@studiodiargilla,Elétrico,"1220ºC, 1223C","argila, esmaltes, avental para ceramista e ferramentas",,,,
Rio de Janeiro,RJ,Aluguel de Forno RJ,(21) 98202-5179,"Rua Renato De Castro, 109 - Anil (Jacarepaguá)",aluguelforno.rj ,Elétrico,"980ºC, 1100ºC, 1200ºC, 1220ºC, 1240ºC",,,,,
Vera Cruz/ Ilha de Itaparica,BA,Adriana Caldas ,(71) 98792-6115,"Av. Nossa Senhora das Candeias, 79, Ilhota, Mar Grande  ",Adriana.Caldas.1102,Elétrico,"980ºC, 1100ºC, 1200ºC, 1220ºC, 1240ºC, Até 1300 graus",Em breve. Mas posso fornecer algum.,,,,
Natal (São Gonçalo do Amarante),RN,Maina Cerâmica Artesanal,(84) 98877-2711,"Rua José Tomaz de Lima, 2135, Jardins.",@mainaceramica,Elétrico,1240ºC,Não ,,,,
Rio de Janeiro,RJ,Aluguel de Forno RJ,(21) 98202-5179,"Rua Renato De Castro, 109 - Anil (Jacarepaguá)",aluguelforno.rj ,Elétrico,"980ºC, 1100ºC, 1200ºC, 1220ºC, 1240ºC",,,,,
São Paulo ,SP,RC,(11) 99395-0981,RUA BARRETO DE MENESES 166,,Gás,1000 graus,Não ,,,,
Cascavel,PR,Julia Belotto atelier,(45) 99138-0709,Rua Mato Grosso,@juliabelottoatelier,Elétrico,"1100ºC, 1240ºC","Sim, as argilas que utilizo também podem ser vendidas",,,,
Rio de Janeiro,RJ,Atelie Arte no Forno,(21) 99573-8183,"Rua Joaquim Murtinho, 582",@atelieartenoforno,"Elétrico, Gás","1220ºC, 1240ºC",sim,,,,
Saquarema,RJ,Ateliê de Cerâmica Sergio,(22)98175-5045,"Rua Pitatunga, 1148 - Itaúna - Saquarema - RJ",@ateliedeceramicasergio,Gás,"980ºC, 1100ºC, 1200ºC, 1220ºC",Vendemos diversas massas cerâmica Terra Nova pacotes de 1kg. Venda de esmaltes a combinar.,,,,
Belo Horizonte ,MG ,Uirapuru Atelier Cultural ,(31) 99865-6259,Rua Carlos Etiene de Castro 84-Serra ,@agnileao ,Lenha,800°,Não ,,,,
Lençóis,BA,Alice Marques,(71) 99248-2746,"R. Altina Alves, sn",@alicemarques.s2,Elétrico,"980ºC, 1240ºC, 1064°",,,,,
Ribeirão Preto,SP,Amarante Cerâmica Artesanal,(16) 98137-7713,"Rua Raul de Faria, 42, Pq. Anhanguera",www.amaranteceramica.com.br,Elétrico,1240ºC,Não,,,,
Diamantina,MG,Lecy Rodrigues Moreira,(31) 99287-9350,"Arraial dos Forros 215, Centro . Em frente ao Lavajato Arraial",Nâo tenho,Elétrico,"980ºC, 1100ºC, 1200ºC, 1220ºC, 1240ºC",Não,,,,
Guarulhos,SP,Simone Dantas,(11) 97054-1939,"Rua Nelson de Andrade, 68A - Jd Ipanema",@ceramicacomsi,Elétrico,"1100ºC, 1240ºC, 950° C",Argila em pequena quantidade ,,,,
Mogi Guaçu ,SP,Mg Produtos Cerâmicos ,(19) 99939-9017,Rua Benedito Pereira 222 Distrito industrial Santa Josefina Mogi Guaçu SP ,@Thiagolealdini ,"Elétrico, Gás","980ºC, 1100ºC, 1200ºC, 1220ºC, 1240ºC, Ate 1330","Sim, argila, caulim, talco,chamote corante,placa de refratário, carretel refratário, caixa de refratário ",,,,
,,,,,,,,,,,,
São Paulo ,SP,[CORRETO] Otavio Crepaldi - CSC ,11 99313-5855,"Atendimentos das regiões da Lapa, Pinheiros, Vila Leopoldina e Pompeia/Perdizes",https://instagram.com/ceramicasemcomplicacao,Elétrico,"1220ºC, 1240ºC, 900C biscoito",Não ,,,,
Cuiabá ,MT,PorcelAnna Atelier ,(65) 99963-5445,"Rua John Kennedy, 130, Bairro Alvorada, Cuiabá/MT",@porcelanna.atelier ,Elétrico,980ºC,,,,,
São Paulo ,SP,[ATUALIZADO] Otavio Crepaldi - CSC ,(11) 99313-5855,"Rua Coronel Botelho, 77 - Bela Aliança ",@ceramicasemcomplicacao,Elétrico,"1220ºC, 1240ºC, 900C - biscoito",Não ,,,,
Curitiba,PR,Cerâmica Tato,(41) 99646-5256,"Rua Ozório Duque Estrada, 828 Jd. Social",@ceramica.tato,Elétrico,"1220ºC, 1240ºC, 900º",,,,,
Santos,SP,Aline Thelma ,(13) 99194-3344 ,"R. Torres Homem, 376",@barrometamorfose,Elétrico,"980ºC, 1240ºC","Não. Ainda, rs...",,,,
,,,,,,,,,,,,
Brasilia ,DF,Fluïdesa (aulas e coworking),(61) 99936-0406,CLSW 304 bloco c loja 67,fluidesaceramicas,Elétrico,"980ºC, 1240ºC",Vendo algumas argilas ,,,,
Chopinzinho,PR,Tânia Ceni Pinto,(46) 99904-9348,"Rua São Pedro, 4183 bairro Cristo Rei ",taniaceni.porcelanas,Elétrico,900°,Não só faço queima de porcelanas e cerâmicas já esmaltadas e pintadas com tinta porcelana.,,,,
São Carlos,SP,Olga Perroni,(16) 99197-4948,"Rua Episcopal,2065",operroni,Elétrico,Até 1000 C,,,,,
Sumaré ,SP,Cerâmica Erika Suzuki,(19) 99713-3250,"Av dos Pioneiros 580, Parque Villa Flores",Ceramica Erika Suzuki (Instagram),Gás,1240ºC,,,,,
Atibaia,SP,4artes Cerâmica Criativa,(11) 97223-6596,"Rua Viena, 58 Parque Arco íris",@ceramica4artes,Elétrico,Todos até 1260graus,Não,,,,
Tibau do sul,RN,Silvia Giorgio ,(84) 91856- 8999,Rua aguinaldo da lima nobre 78 centro,Silviagiorgioceramica ,Lenha,"Ainda ñao sei o maximo da temperatura, mas cheguei com certeza a 1100 C","Ainda não, mas pretendo ",,,,
Cascavel,PR,Julia Belotto Atelier,(45) 99138-0709,Rua Vicente Machado,@juliabelottoatelier,Elétrico,1240ºC,"sim, argilas",,,,
Belo Horizonte,MG,MAD Cerâmica,(31) 99825-9713,"Rua Gentil Teodoro, 331, Santa Cruz",,Elétrico,"980ºC, 1220ºC, 1240ºC",,,,,
Cunha,SP,Samantha dos Santos Siqueira,(12) 99665-8370,"Rua Francisco Alves de Oliveira, bairro Alto do Gouveia, n° 217.",https://instagram.com/ceramica_samantha_siqueira?utm_medium=copy_link ,Elétrico,de 800°C até 1240°C,,,,,
BRASÍLIA ,DF,Parada de Mão ,(61) 99959-5395,"Condomínio Privê Morada Sul Etapa C, Jardim Botânico (Altiplano)",@parada.de.mao,Elétrico,"1220ºC, 1240ºC",,,,,
Curitiba,PR,Artemista ,(41) 3252-0992,"Rua General Aristides Athayde Júnior, 88 - Bigorrilho, Curitiba - PR, 80730-370",https://artemista.com.br   -  @artemista_atelier,Elétrico,"980ºC, 1100ºC, 1240ºC, 720° ","Vendemos Tintas, pinceis, peças esmaltes, tinta para porcelana ",,,,
Lagoa Santa ,MG,Lu Reis Cerâmica ,(31) 99302-1810 (enviar msg WhatsApp) ,"Rua Maristela Avelar, 175. Praia Angélica 2",lu_reis_ceramica,Elétrico,"980ºC, 1240ºC",Não ,,,,
Rio de Janeiro ,RJ,Alexandre Vilaça,(21) 99926-4993,Estrada do Camorim 385 loja E - Jacarepaguá,@curso_ceramica,Elétrico,1240ºC,"Sim, vendemos argilas / tornos / fornos elétricos. ",,,,
Joinville ,SC ,Ateliê Coletivo ,(47) 3013-7247 ,"Rua Don Francisca, 1185",ateliecoletivo.giseleborges,Elétrico,"980ºC, 1240ºC",Sim,,,,
Porto Alegre ,RS,Ateliê Ovo,(51) 98909-3678,Rua Garibaldi 1330 ,Www.instagram.com/atelieovo ,Elétrico,"980ºC, 1100ºC",Ofereço aulas de modelagem. ,,,,
São Paulo - ZN,SP,(César Barbosa) Ateliê de Cerâmica Barbosa ,(11) 98213-2888,Rua Conselheiro Moreira de Barros 1783 Lauzane Paulista ,Instagram.com/cesaraugustobarbosa ,Elétrico,"980ºC, 1240ºC",Apenas cursos e algumas ferramentas pontuais ,,,,
Cuiabá,MG,Ateliê Generosa Criativa,(65) 981196931,"Rua João de Barro, 394, Recanto dos Pássaros",instagram.com/generosacriativa,Elétrico,"980ºC, 1240ºC",Não,,,,
Mogi das Cruzes,SP,Yara Almeida Cerâmica ,(11) 958341697,"Rua Professor Rodolpho P.J. Melmman 166, Vila Oliveira ",@yaraalmeida.cerâmica,Elétrico,"980ºC, 1240ºC","Sim, esmaltes.",,,,
Porto Alegre,RS,Atelier Casa Nova Espaço Cerâmico,(51) 99807-0659,"Rua Itaboraí, 230 Jd. Botânico ",https://instagram.com/casanovaceramica?utm_medium=copy_link,Elétrico,"980ºC, 1100ºC, 1200ºC, 1220ºC, 1240ºC",Ministro Cursos ,,,,
Uberlândia ,MG,Cerâmica Juli,(34) 99194-4733,"Rua Johen Carneiro, 367 - Lídice",www.ceramicajuli.com,Elétrico,"980ºC, 1100ºC",,,,,
Tiradentes,MG,Terrakota Cerâmica Tiradentes,(32) 98818-9385 ,"Rua vereador Antônio Hipólito Nascimento n110,  Cascalho",@terrakotaceramica,Elétrico,"1200ºC, 1220ºC, 1240ºC, 900°C",,,,,
Rio de Janeiro ,RJ,Shamy Ferreira ,(21) 99366-0890,"Rua Pacheco Leão, 915 casa 02",@shamy.ferreira e @ferreira.shamy,Elétrico,"1240ºC, 960°C",Não ,,,,
Londrina,PR,Bruna Zambon Cerâmica,(43) 99697-7888,"Rua Ituiutaba, 221",@brunazambon.ceramica,Elétrico,"980ºC, 1240ºC",Não,,,,
Belo Horizonte ,MG,fatimabelem.ceramica ,(31) 98795-3970,"AVENIDA ENGENHEIRO CARLOS GOULART, 1170 CASA BAIRRO BURITIS ",@fatimabelem.ceramica ,Elétrico,"980ºC, 1100ºC, 1200ºC, 1220ºC, 1240ºC, Até 1260°",Não ,,,,
São Paulo,SP,Barro Bueno,(11) 99363-0036,"Avenida Mascote, 1159 - Vila Mascote",www.barrobueno.com.br e @barrobueno,Elétrico,"980ºC, 1220ºC, 1240ºC",Argilas Rezende - Tabaco com Pintas,,,,
Rio de Janeiro ,RJ,Ateliê Niemeyer,(21) 98250-2474,Estrada Velha da Tijuca 447 .Bairro Alto da Boa Vista/Tijuca,@ateliê niemeyer,Elétrico,"1200ºC, 1220ºC, 1240ºC",Não ,,,,
Campo Grande,MS,Pedbarro,(67) 99125-3260,Rua Vicente Solari 435 apt301,Pedbarro,Elétrico,"980ºC, 1100ºC, 1240ºC",Não...,,,,
Brasília ,DF,Virgínia Prieto,(61) 98118-1927,SHDB QL 32 conj 7 casa 25,,Elétrico,1240ºC,Nao,,,,
Blumenau ,SC ,Beck Cerâmica    Margitte,(47) 99102-5693,Rua Maria de Lourdes Prim 139 bairro Tribess,@beckceramica,Elétrico,"980ºC, 1220ºC, 1240ºC",Não ,,,,
Florianópolis ,SC ,Rachel Bosco Álvares ,(48) 99186-0210,Servidão solar das oliveiras 36,Luneceramicas,Elétrico,"980ºC, 1100ºC, 1200ºC, 1220ºC",Não ,,,,
Belo Horizonte,MG,Ateliê Siqueira,(31) 99939-1086,"Rua Walter Guimarães Figueiredo, 247. Bairro Buritis. ",_atelie.siqueira,Elétrico,"980ºC, 1220ºC","Sim, argilas, ferramentas e esmaltes",,,,
Salvador,BA,Marlice Almeida ceramica,(71) 98158-0599,"Rua padre Feijó 471 aptos 101,102 canela Marlice Almeida ceramica",,Elétrico,"980ºC, Em breve de alta 1200*c",Argila local  clesio branca e terracota,,,,
Santa Maria,RS,Ateliê Coisicas da Vovó Ju ,(55) 99966-5677,Conrado Hoffman 150/402,@atelie_coisicasdavovoju,Elétrico,980ºC,Não ,,,,
Várzea Grande,MG,A K cerâmicas,(65) 99977-7335,"Avenida Frei Coimbra, SN, Condomínio Miguel Leão Lana 67, Paraue Del Rei",@alinekellypaulino,Elétrico,"980ºC, 1100ºC, 1200ºC, 1240ºC",Não,,,,
São Paulo,SP,Tatiana da Silva Lopes / Panda de Pijama Porcelanas,(11) 94844-8465,"Rua dos Acarás, 72, Pedreira",@panda_de_pijama_porcelanas,Elétrico,"980ºC, 1100ºC, 1200ºC, 1220ºC, 1240ºC, Todas as temperaturas até 1300°C",Não,,,,
Porto Alegre,RS,Ateliê Anchieta,(51) 99664-3893,"Rua Joaquim Norberto, 105 - Partenon",@atelie_anchieta,Elétrico,"980ºC, 1240ºC",não,,,,
Curitiba,PR,Regina Costacurta,(41) 99924-5165,"Rua Conde São João Das Duas Barras, 2088 - Boqueirão",@reginaccurta,Elétrico,"980ºC, 1100ºC",Não,,,,
Barra Velha,SC,Essencial Artefatos,(41) 99787-3847,"Antonio Domingos de Oliveira,155",https://www.instagram.com/essencialartefatos/,Elétrico,"980ºC, 1100ºC, 1200ºC, 1220ºC, 1240ºC",,,,,
Rio de Janeiro,RJ,Flor Borges Ceramica e arte,(21) 98250-2474,Estrada Velha da Tijuca 407 Montanha Clube - Alto da Boa Vista,florborges_ceramica,Elétrico,1240ºC,Não ,,,,
Uberlândia,MG,Ateliê 573,(34) 99247-7645,"Rua Johen Carneiro, 367 - Lídice, Uberlândia - MG, 38400-072",https://instagram.com/atelie573/,Elétrico,"980ºC, 1240ºC",Não.,,,,
Belo Horizonte ,MG,Ana Maria Xavier Guimarães ,(31)99418-5674,Coronel Egídio Benício de Abreu180/301,@atelier.anamariaxavier ,Elétrico,"980ºC, 1240ºC, 900⁰",Alguns esmaltes,,,,
,,,,,,,,,,,,
,,,,,,,,,,,,
Brasília ,Df,Ateliê Malu Ribeiro ,(61) 99982-6866,"QRSW 01, Bloco B-7 - sudoeste",@atelie_maluribeiro,Elétrico,"980ºC, 1240ºC",,,,,
Curitiba ,PR,Artesanato Kaminski ,(41) 99968-7374,"Estrada do Ganchinho, 2673",www.artesanatokaminski.com.br,Lenha,980ºC,Argila,,,,
Cascavel ,PR,Grolli Ceramicas ,(45)99953-7070,Rua fortaleza 2470,https://www.instagram.com/grolliceramicas/,Elétrico,"980ºC, 1100ºC, 1200ºC, 1220ºC, 1240ºC, 780 ","Argila , porcelana , pincéis, materiais de formulaçao de esmaltes e réguas ",,,,
Brasília,DF,Ateliê Malu Ribeiro,(61) 99982-6866,"QRSW 01, BLOCO B-7 - SUDOESTE",@atelie_maluribeiro,Elétrico,"980ºC, 1240ºC",,,,,
Maringá,Pr,Ateliê de cerâmica Ana Pangoni,(44) 99952-0099,"Rua Conselheiro Tobias, 119",@anapangoniceramik,Elétrico,1240ºC,"Vendo argila, ferramentas e esmaltes",,,,
Araraquara ,SP,Arte 220 - espaço criativo ,(16) 99187-9624,Av José Bonifácio 220 - fundos/ centro ,espacoarte220_araraquara ou euzania.andrade ,Elétrico,"980ºC, 1240ºC",,,,,
,,,,,,,,,,,,
Brasília,DF,Camilla Dicazuza,(61) 98131-8031,Avenida Central 28 (Acamp Pacheco Fernandes),@dzz.ateliedeceramica,Elétrico,"980ºC, 1220ºC",Nao,,,,
Uberlândia,MG,Ateliê 573,(34) 99247-7645,"R. Johen Carneiro, 367 - Lídice, 38400-072",instagram.com/atelie573,Elétrico,"980ºC, 1220ºC, 1240ºC",,,,,
Belo Horizonte ,MG,Multiverso Cerâmica ,(31) 99120-7130,"Rua Itu, 615, Renascença ",https://www.instagram.com/multiverso_ceramica/,Elétrico,"980ºC, 1100ºC, 1200ºC",Argilas e ferramentas,,,,
Primeiro de Maio ,PR,Cative Decor ,(18) 99629-3547,Rua alvino 212,Www.cativedecor.com.br ,Elétrico,1220ºC,,,,,
,,,,,,,,,,,,
Florianópolis ,SC,Julia Amaral,(48) 991499789,Rua Sotero José Farias n.106 - Rio Tavares,Não tenho,Elétrico,"980ºC, 1100ºC, 1200ºC, 1220ºC, 1240ºC",Nao,,,,
Tatuí ,SP,Ateliê Karina Nivoloni ,(15) 99785-1888,"Rod Senador Laurindo Dias  Minhoto km 24, trevo Ceagesp CEp 18270-001 Tatuí  -SP",Karinanivoloniatelie,Elétrico,1220ºC,,,,,
Foz do Iguaçu ,PR,Kiara Heck Ateliê de Cerâmica ,(45) 99977-0133,Rua da Cosmoética 1846 - casa 19,@kiaraheckatelie,Elétrico,"980ºC, 1220ºC, 1240ºC",,,,,
Armação de Búzios ,RJ,Lucia Coelho ,(22) 98822-3017,Condomínio Caravela Nina Avenida Doze de Novembro 4055 casa 72 gleba E ,@luciacoelho2022,Elétrico,1220ºC,Não ,,,,
São Paulo ,SP,Andrea Galan ,(11) 97313-2005,Vila Mariana ,@andrea_galan_ceramica,Elétrico,"1220ºC, 1240ºC, Biscoito 900 graus ",,,,,
Piracicaba,SP,Ziga ateliê,(11) 97112-0805,"Rua Dona Eugênia, 1337 Jardim Europa",@ziga_atelie,Elétrico,1220ºC,"Sim, vendo argilas. ",,,,
Brasília,DF,Estúdio Canetti,(41) 991412239,"CLN 204, bloco B, sala 06, Asa Norte.",@estudio_canetti,Elétrico,"980ºC, 1220ºC, 1240ºC","Venda de esmaltes da Casa do Ceramista, pincéis, estecas e produtos para ceramistas. Não há venda de argilas. ",,,,
Vitória de Santo Antão ,PE,Ateliê Fernandes Rodrigues ,(81) 99509-8299,Br 232 km 38,@fernandesridrigues1,Lenha,1240ºC,Venda de argila ,,,,
Bragança Paulista,SP,Ateliê Osmar,(11) 9 7479 5729,"Rua Estevam João do Carmo 52, Jardim Recanto Alegre ",Osmaraugustin,Elétrico,1100ºC,Não ,,,,
Curitiba,PR,Shirlene Rodrigues ,(41) 99868-9333,Rua Nova Esperança 983,@shymucio,Elétrico,"980ºC, 1100ºC, 1200ºC, 1220ºC, 1240ºC",,,,,
São José dos Campos ,SP,Marcelle Dionisi - Ateliê de Cerâmica ,(12) 99751-7658,"R. Nelson César de Oliveira, 611 - sala 2 - Jardim das indústrias ",marcelle_dionisi,Elétrico,"980ºC, 1100ºC, 1200ºC, 1220ºC, 1240ºC","Argila, esmaltes alta temperatura, engobe alta temperatura, ferramentas",,,,
Saquarema,RJ ,Atelier L'Artigiana ,(21) 97650-1899,Rua Maximino Fidelis 314 Gravatá ,@atelier_lartigiana,Elétrico,"980ºC, 1100ºC, 1200ºC, 1220ºC, 1240ºC, 800",Não ,,,,
Itanhaém,SP,Cumbuca Preta,(62) 99166-8613,"Rua vereador joviano salles, 117",@cumbuca_preta @raquel_quinan,Elétrico,"980ºC, 1100ºC, 1200ºC, 1220ºC, 1240ºC",Não ,,,,
São Paulo ,SP,Studio Cerâmica EZ,(11) 98625-6115,"Rua Itaguaçaba, 157 Vila Romero ZN SP",https://instagram.com/studio_ceramica_ez?igshid=NDc0ODY0MjQ=,Elétrico,1220ºC,Vendemos peças Biscoito e Argila,,,,
São Paulo ,SP,Ateliê Diana Amaral,11 36631436/ 11 38258494,Rua Goitacás 167 - Higienópolis 01232-030,Ateliê Diana Amaral,Elétrico,"980ºC, 1240ºC",Peças e esmaltes,,,,
,,,,,,,,,,,,
João Pessoa ,PB,Dayana Silva Leal ,(83) 99170-6492,Rua professora Josefa Pereira de Carvalho 58. Jardim Oceania CEP: 58037-743,@dayanarte,Lenha,980ºC,Argila,,,,
Campinas,SP,Camila Penatti Studio,(19) 99779-2506,"Pedro Gonçalves Sobrinho, 484 Pq Xangrilá 13.098641",@camilapenattiarts,Elétrico,1240ºC,Não,,,,
Ipojuca ,PE,Dany Ceramica ,(84) 99216-1757 ,"Rua João Brilhante, sn Serrambi ",Dany.ceramica,Elétrico,"980ºC, 1220ºC, 1240ºC","Sim, argila tabaco da pascoal ",,,,
Divina Pastora ,SE,Maria Lúcia de Oliveira ,(79) 99191-9954 ,Rua Afolfo Prado 272  Cep 49650.000,@lucinhamandala,Gás,1200ºC,Não ,,,,
Camaquã,RS,Felis Cerâmica,(51) 99870-8556,"Rua 3 de Outubro, 379, Olaria, 96785212",@felisceramica,"Gás, Lenha","980ºC, 1240ºC","Argila, Esmalte e ferramentas",,,,
Lagoa Santa,MG,Lu Reis Cerâmica ,(31) 99302-1810,"Maristela Avelar, 175 Praia Angelica 2. 33236-013",@lu_reis_ceramica,Elétrico,"1100ºC, 1200ºC, 1220ºC, 1240ºC",Não ,,,,
Belo Horizonte ,MG,Onggi Studio ,(31) 99872-0606,"Rua Montes Claros n 1175, Anchieta, 30.310-702",Onggi Studio,Elétrico,"980ºC, 1240ºC","Argilas Terra Nova, Nova Farias e Sio-2 porcelana PSH e SIO-2 esmaltes Casa do Ceramista e Nova Farias.",,,,
São Paulo ,SP,Mara Lozano Cerâmica ,(11) 99622-6789,"Rua Fidalga, 73 - Vila Madalena - CEP 05453-050",@maralozano,Elétrico,"980ºC, 1220ºC",Não ,,,,
Florianópolis ,SC,Ateliê Zabu Cerâmica ,(48) 99815-5383,"Recanto do campeche, campeche - 88063458",@zabuceramica,Elétrico,1240ºC,Argilas terra nova. ,,,,
Campinas,SP,Atelie Casa da Montanha,(19) 99628-8088,"Rua ana fratta de paula, sousas campinas",@ateliecasadamontanha,Elétrico,"980ºC, 1240ºC","Sim, argila do pascoal e esmaltes próprio.",,,,
Niterói ,RJ,Barro_criativo,(48) 99104-0378 e (21) 99831-0666,"Scylla Souza Ribeiro, 55 casa 2, Itaipu, 24346200",@barro_criativo,Elétrico,"980ºC, 1240ºC",Não ,,,,
Niterói ,RJ,Calica Cerâmica ,(21) 99716-6652,"R. Conrado Barbosa de Souza, 200 em frente ao bl. 5",@calica.ceramica ,Elétrico,"980ºC, 1220ºC, 780°",Argilas e peças prontas e no biscoito,,,,
Belo Horizonte ,MG,Ateliê Chão do Cerrado ,(31) 99156-9466,Rua Paulo freire de Araújo 50 - Estoril,@chaodocerrado,Elétrico,"980ºC, 1232⁰",Argila,,,,
Rio Branco,AC,Aquiri ateliê de cerâmica ,(68) 99914-3701,Rua sena madureira 62 bela vista ,@aquiriateliedeceramica ,Elétrico,"980ºC, 1220ºC, 1240ºC",Sim,,,,
Belo Horizonte ,MG,Jardim Cerâmica ,(31) 99825-9713,"Rua Antônio Torres, 81, Sagrada Família ",@jardimceramica,Elétrico,"980ºC, 1220ºC",Não ,,,,
Peruíbe,SP,Terraria Cerâmica,(11) 93115-7845,"andradas, 226, ribamar, 11750-000",@terraria.ceramica,Elétrico,"1100ºC, 1240ºC",revendo argila pascoal e esmaltes de marcas variadas,,,,
Ribeirão Preto ,SP,Daniela Lopes / Terraglia ,(16) 99108-1551,"Rua Aníbal Vercesi, 500  Bonfim Paulista CEP 14110-000 ",Terragliaceramica ,Elétrico,1240ºC,Não ,,,,
Belo Horizonte ,MG,Atelier Ana Maria Xavier ,(31) 99418-5674 ,Rua Coronel Egídio Benicio de Abreu 180/301- Paraiso- 30270-170 ,@atelier.anamariaxavier ,Elétrico,"1240ºC, De 550⁰ a 1240⁰",Esmaltes,,,,
,,,,,,,,,,,,
Tatuí-SP,SP,Ateliê de Cerâmica Karina Nivoloni ,(15) 99792-7463,"Rodovia. Senador Laurindo Dias Minhoto, km24, no trevo do Ceagesp, entre no acesso pela marginal a direita, Tatuí - SP, 18270-001",Karinanivoloni Atelie ,Elétrico,"980ºC, 1220ºC, 1240ºC","Sim ! Temos argila e esmaltes Nova Farias ( consultar disponibilidade) , ferramentas , pincéis , etc ",,,,
São Paulo ,SP,Flor D’Água Ateliê ,(11) 98231-7169,"Eleonora Cintra, Anália Franco, 0337-000",@flordaguatelie @rafavendrame_,Elétrico,"980ºC, Queima de pintura em cerâmica ou porcelana sob esmalte não faço queima de biscoito nem esmaltação ",Não ,,,,
,,,,,,,,,,,,
Rio de Janeiro - Recreio dos Bandeirantes ,RJ,Camila Britto Ceramicas ,(21) 98458-5363,Odilon Martins Andrade 170 - Recreio dos Bandeirantes cep 22790-230,@camilabritto_ceramicaa,Elétrico,"980ºC, 1220ºC, 1240ºC",Argila é esmalte sob demanda,,,,
Feira de Santana ,BA,Maria Tereza Amaral Martins ,(75) 99227-7007,"Rua Aderbal Miranda, 784, Bairro Brasília, cep: 44088-180",@m.a.r.i.a_tereza,Elétrico,1240ºC,não,,,,
Petropolis,RJ,Ciça Cerâmicas,(21) 98852-1800,"Manga Larga, Itaipava cep 25740048",@cicaceramicas,Elétrico,"980ºC, 1220ºC, Só terceirizo o forno fechado. Não queimo peças avulsas.",Não. ,,,,
São João da Boa Vista,SP,Luciane Laboissiere Cerâmica ,(35) 99809-3525 ,Avenida Lúcio Pierine 1919 Jardim Itália ,llaboissiere@gmail.com ,Elétrico,1040°C,Peças riscadas,,,,
Florianópolis ,SC,Nicolle s Silva/  nickiceramica ,(48) 99126-6771,Servidão Brasiliano 126,www.instagram.com/nickiceramica,Elétrico,"980ºC, 1240ºC",Somente queimas e argilas,,,,
Piracicaba,SP,Máyy Koffler,(11) 97117-5317,"Marechal Deodoro, 1341 CEP 13415680",mayykoffler.wixsite.com/arte,Elétrico,"980ºC, 1240ºC, 1260°C",Não,,,,
Guararema,SP,Ateliê Madalena Mascarenhas ,(11) 91164-8792,"Rua Admeleto Gasparini, 2680, Itaoca, 08900-000",@ateliemadalenamasc,Elétrico,"980ºC, 1200ºC",Não,,,,
Belo Horizonte,MG,Ateliê Figo Cotidiano,(31) 99901-6614,"Av. Brasil,  n84, sala804, bairro - Santa Efigênia 30140-001",www.figocotidiano.com @figocotidiano,Elétrico,"980ºC, 1220ºC, 1240ºC",Não,,,,
São José do Rio Preto,SP,Le Mani atelier familiar ,(17) 99614-8351,Avenida Aurélio Mano Sanches 15B - Recanto dos Eduardos - 15057-550,@le.mani.artesanato,Elétrico,"980ºC, 1220ºC, 1240ºC",Não vendemos materiais.,,,,
São Paulo,SP,Mariana Majzoub Brandani,(11) 9816-65331,Alameda dos Piratinins 1038 casa 2 - Planalto Paulista CEP 04065-052,www.forrestmari.com.br  e instagram @_forrestmari,Elétrico,"1240ºC, Biscoito a 1000ºC",não vendo materiais,,,,
São Paulo,SP,Loffel Cerâmica ,(11) 99109-1638,Rua Senador Carlos Teixeira de Carvalho - Cambuci- 01535010,Loffel ceramista ,Elétrico,"980ºC, 1100ºC, 1200ºC, 1220ºC, 1240ºC",Nao,,,,
Serra negra ,SP,@silmaracatarinatelie,(18) 98128-7074,Rua Cristo redentor 108 centro cep 13.930.000,@silmaracatarin,Elétrico,980ºC,Não ,,,,
Feira de Santana ,BA,Criando Asas,(75) 98193-1370,"Rua São Pedro, Santa Monica, 125",@criandoasas21,Elétrico,"980ºC, 1220ºC, 1240ºC",Não ,,,,
,,,,,,,,,,,,
Santa Maria ,RS,Porcelanas Ju Macedo ,(55) 99966-5677,Conrado Hoffman 150/402 Nsra de Lourdes cep97060-140,@porcelanasjumacedo,Elétrico,Até 900o,Não ,,,,
Rio de janeiro ,RJ,NildaSouza ,(21) 98824-3800,Olavo Hansen 10 campo grande 23097155,Nilmimos.ceramica,Elétrico,"980ºC, 1100ºC, 1200ºC, 1220ºC, 1240ºC, 580 e 700",Argila,,,,
São Paulo,SP,Loffel Cerâmica ,(11) 9910919-1638,"Rua Senador Teixeira de Carvalho, 214, cambuci, 01535010 ",Loffel _ceramista ,Elétrico,"980ºC, 1200ºC, 1220ºC, 1240ºC",Não ,,,,
Londrina ,PR,Clube do Barro ,(43) 99906-4865,"Rua Henrique Dias, 248, Vila Fugita , 86015810",@clubedobarro,Elétrico,"980ºC, 1220ºC","Sim, argilas, esmaltes e moldes de gesso ",,,,
Santa Maria ,RS,Porcelanas Juliana Macedo,(55) 99966-5677,Conrado Hoffman 150/402 Nsra de Lourdes 97060-140,@porcelanasjumacedo,Elétrico,980ºC,Não ,,,,
Garopaba,SC,Mar Cerâmicas,(51) 99812-3407,"Rua Coral, Areias de Palhocinha. CEP 88495-000",@mar_ceramicas,Elétrico,"980ºC, 1220ºC",Não,,,,
Rio de janeiro,RJ,Nilmimos cerâmica,(21) 98824-3800,"Rua Olavo Hansen, 10, campo grande, cep 23097-155",@nilmimos.ceramica,Elétrico,"980ºC, 1100ºC, 1200ºC, 1220ºC, 1240ºC, A parti de 580 até 1300",Argila da terra nova,,,,
Maringá ,PR,Ateliê O Ceramista ,(11) 98734-9895 ,"Rua Pioneiro José Demori 1659, 87060-159",@atelieoceramista,Elétrico,"980ºC, 1220ºC, 1240ºC",Argilas Rezende e Pascoal. ,,,,
São José do rio preto ,SP,Vila antiga atelie - Juliana seleguin ,(17) 98101-3678,Gorgonio Evaristo Barreto 34 tarraf 15091560,@vilaantiga.atelie,Elétrico,"980ºC, 1100ºC, Menores que essas ",Não. Entrar em contato via telefone. ,,,,
,,,,,,,,,,,,
,,,,,,,,,,,,
Itanhaém ,SP,Dani Jardim,(13) 98199-8262,"Rua Ipiranga, 78 - Praia do Sonho ",@danijardimceramicaartesanal,Elétrico,A combinar ,Não ,,,,
Goiânia ,GO,Amassa cerâmica,(62) 98184-5870,"Sétima avenida, 505, setor leste universitário. 74603070",@amassa.loja e @amassa.ceramica,Elétrico,"980ºC, 1240ºC",Sim. Massa Pascoal e esmalte Gaia,,,,
Feira de Santana ,BA,Maria Silvana CRIANDO ASAS,(75) 98193-1370,"Rua São Pedro, 125, Santa Monica, 440770-90",CRIANDOASAS21,Elétrico,"980ºC, 1100ºC, 1240ºC",Não ,,,,
Maringa,PR,Atelier Oca do Barro,(44) 99136-8986,"Pioneiro mucio Rodrigues ,1138 - Jd Brasil ,cep 87083-270",Perfil no Instagram : Nilzajacuiceramista ,Elétrico,"1100ºC, 1200ºC, 1220ºC, 1240ºC",Não ,,,,
Rio de Janeiro ,RJ,Da Bulula Cerâmica Artesanal ,(21) 97678-7987,"Rua Gago Coutinho, 60",@dabulula,Elétrico,"1100ºC, 1220ºC, 1240ºC",Não ,,,,
Rio do Sul,SC,CICLO Cerâmica Artesanal ,(47) 98828-7477,"Rua Eugênio Marchi, 480, Santa Rita CEP 89162310",@cicloatelie,Elétrico,900 e 1240,Apenas peças de cerâmica.,,,,
Rio de Janeiro,RJ,Mariana Tosetto ,(21) 98855-7550,R. Cel Afonso Romano 25/102. Botafogo,@maritosetto_ceramica,Elétrico,"1220ºC, 900",Não,,,,
Juiz de Fora,MG,Isabel Cristina Vasconcellos,(32) 98836-4951,"Rua Nelson Gomes de Carvalho, 251",Atelierbel.v,Elétrico,"1200ºC, 1220ºC, 1240ºC","Sim, argila",,,,
Salvador,BA,Zoe Cerâmica ,(71) 99347-2023,"R. Mal. Gabriel Botafogo, s/n - Barbalho, Salvador - BA, 40300-758",https://instagram.com/z.o.e.ceramica,Elétrico,1240ºC,Não ,,,,
Rio de Janeiro ,RJ,Sandra Coelho dos Santos,(21) 99979-0481,"Avenida Ernani Cardoso,161casa 33, Cascadura - 21.310-310",@obarroeeu,Elétrico,"1100ºC, 1240ºC",Ainda não.,,,,
Belo Horizonte ,MG,Fátima Regina Garcia Belem ,(31) 98795-3970,Avenida Engenheiro Carlos Goulart 1170 Buritis CEP 30493-030 ,fatimabelem.ceramica,Elétrico,"980ºC, 1100ºC, 1200ºC, 1220ºC, 1240ºC",Não.,,,,
Itaipava ,RJ,Myrian Araújo ,(21)98123-2020,"Estrada dos Tabões 472,São João de Icarai/Itaipava ",cerâmica _verde,Elétrico,"980ºC, 1220ºC",Não ,,,,
São Paulo,SP,Carolina Hernandes,(11) 99602-2040,"Rua Engenheiro Teixeira Soares, 482 - Butantã. 05505-030",@carolinahernandes.arte,Elétrico,1240ºC,Não,,,,
Itarema,CE,na.terra Cerâmica ,(11) 99946-5460,"Rua do Lagamar, s/n - Farol do Itapajé CEP 62590-000",@na.terra.ceramica,Elétrico,"1220ºC, 1240ºC, Biscoito 1020°","Pacotes avulsos (10kg) de argila Terra Nova (Egito, Sépia e Preta Vesúvio)",,,,
Ubatuba ,SP,Baiá Estudio ,(12) 99649-8019,Itamambuca ,@baia.etc,Elétrico,"1100ºC, 1220ºC",Não ,,,,
Caraguatatuba,SP,Fiori ,(11)99113-0828,R ennio angelo bertoncini 115 Massaguaçu cep 11677042,Elisetecersmica,Elétrico,1240ºC,Não,,,,
São Paulo ,SP,Studio rocha ,(41) 99244-3021,Av engenheiro Caetano Álvares 1358,Studio Rocha ,Elétrico,"980ºC, 1240ºC",Não ,,,,
Balneário Camboriú,SC,Mazi Ceramics,(47) 99162-0802,"Rua 1950, 530",@maziceramics,Elétrico,"980ºC, 1240ºC",Não,,,,
São Paulo,SP,NaUapixana,(11) 96199-3785,"Alameda Uapixana, 278, Indianópolis, 04085-030",@laraujoarte,Elétrico,"980ºC, 1240ºC",Não ,,,,
São Paulo,SP,Luciana Carvalho Cerâmica Artesanal,(11) 99947-1606,"Rua João Avenoso, 72 - Vila Antonieta - 03747-030",https://www.instagram.com/lucianacarvalhoceramica/,Elétrico,"980ºC, 1240ºC",Não,,,,
Salvador,BA,Lena Parisiato Cerâmica ,(71) 99123-8055,"Rua Dr.Hosannah de Oliveira, 72 Alto do Itaigara, CEP 41815-215 ",@lenaparisiato ,Elétrico,"980ºC, 1100ºC, 1220ºC, 1240ºC, 750° ouro e lustro",Pretendo vender peças em biscoito. ,,,,
São Paulo,SP,Luciana Carvalho,(11) 99947-1606,"Rua João Avenoso, 72 Vila Antonieta 03474-030",https://www.instagram.com/lucianacarvalhoceramica/,Elétrico,"1100ºC, 1240ºC",Não,,,,
São Paulo ,SP,Ezil Woellner Cruz ,(11) 98119-5573,"Maestro Torquato Amore , 332. Morumbi. Cep 05622 050",@ezilwoellner,Elétrico,"980ºC, 1100ºC, 1220ºC, 780°C",Não ,,,,
Curitiba,PR,Ateliê Terracotta,(41) 99839-8615,"Rua Carlos Augusto Cornelsen, 227 Bom Retiro 80520560",@atelieterracotta,Elétrico,"980ºC, 1100ºC, 1200ºC, 1220ºC, 1240ºC","Sim. Vendemos argila, estecas, lonas, acessórios. ",,,,
Atibaia ,SP,4artes Cerâmica Criativa ,(11) 97223-6596,"Rua Adolfo André,1991, Vila Rica CEP 12940-280",@4artesceramicacriativa,Elétrico,"980ºC, 1100ºC, 1220ºC, 1240ºC","Argila Rezende,peças no biscoito e pincéis ",,,,
Vila Velha,ES,Rosa Cerâmicas ,(31) 99612-0112,"Rua Aurora, 102, Glória. Galeria 300",@rosaceramicas,Elétrico,"980ºC, 1220ºC",Vendemos argila Massas Terra Nova/ Temos curso de iniciação ,,,,
,,,,,,,,,,,,
,,,,,,,,,,,,
Cuiabá,MT,Lígia Maciel Ateliê de Cerâmica ,(65) 98133-6152,"Rua Mauro Braga, 230, Campo Velho",@aligiamaciel,Elétrico,"980ºC, 1100ºC, 1200ºC, 1220ºC, 1240ºC",Argilas,,,,
Feira de Santana,BA,Sol e Terra / Evi Ceramic,(75) 99288-7106,"Rua Marechal Castelo Branco, n890 Santa Mônica - 44077410",@soleterradesignbrasileiro / @evellynalmeeida_,"Elétrico, Gás","980ºC, 1100ºC, 1200ºC, 1220ºC, 1240ºC, Raku",Argila,,,,
São Paulo,SP,Rampoldi Design,(11) 2725-2049,"Av. rio da pedras, 3252 - Jd. Aricanduva - 03930-300",rampoldi.design,Elétrico,980ºC,"Esmaltes, Adesivos, Telas, Telas serigráficas, Gabaritos de colagem, Mosaicos, Espelhos, Pastilhas de vidro.",,,,
São Paulo,SP,Fiorella Cerâmica,(11) 98307-5344,Rua Conde de Porto Alegre 1480 - Campo Belo 04608-002,@ceramicafiorella,Elétrico,Todas,Não ,,,,
Florianópolis ,SC,Miriam Costi,(48) 99109-2559,Ramon Filomeno 80 Itacorubi 88034400,@miriamcosti,Elétrico,"980ºC, 1100ºC, 1200ºC, 1220ºC, 1240ºC",Não ,,,,
Linhares,ES,Amartie Art,(27) 99720-4686‬,"Rua Harissoniana 256, Lagoa Park, 29905146",@amartie.art,Elétrico,1240ºC,Nao,,,,
Santo Andre,SP,barroOco Ateliê ,(11) 94309-0966 ,"Av Pedro Américo 430, Villa Homero Thon,  09110-560 ",www.barrooco.com,Elétrico,"980ºC, 1240ºC",Nao,,,,
Foz do Iguaçu ,PR,Zarina (Aline Letícia),(45) 99817-6516,"Rua Orminda Freitas Cezar, n°60, Pólo Universitário, CEP 85.870-520",@zarina.ceramica,Elétrico,"980ºC, 1100ºC, 1200ºC, 1220ºC, 1240ºC",Não.,,,,
Garopaba ,SC,Clarissa Cerâmica Autoral ,(55) 99643-4466,Rua João Manoel de Souza (ultima casa cá rua),@clarissa_ceramica_autoral,Elétrico,"1240ºC, 850",Cursos ,,,,
Rio de Janeiro,RJ,rosamaria Ateliê ,(11) 9489-5636,"Rua Joaquim Murtinho 668, Santa Teresa, 20241320",@rosamariatelie,Elétrico,"980ºC, 1100ºC, 1200ºC",Argila ,,,,
Taubaté ,SP,Gaudrá Cerâmicas ,(12) 99191-5957,"Rua: Al Santa Isabel, 251 Cataguá- cep- 12093250",@Gaudra_ceramicas ,Elétrico,"1220ºC, 1240ºC","Sim, argila.",,,,
Aquidauana ,MS,Helane Ribeiro ,(67) 99232-1822,"Rua Estevão Alves Corrêa,200 -centro 79200000",@drahelaneribeiro,Elétrico,1240ºC,Nao,,,,
"Arraial do Sana, Macaé RJ",RJ,Canella pura cerâmicas,(21) 99219-0633,"Rua José Jesus Jr - Recanto do Canella, Sana  27995-970",@canellapura_ceramicas,Elétrico,"1220ºC, 1240ºC, Biscoito 900°",Não,,,,
Sorocaba,SP,Beth Piazza,(15) 98153-5366,Al.dos Lírios 515. J.Simus 18 055041,Betharpiazza,Elétrico,1200ºC,"Argilas ,esmaltes em pequena quantidade.",,,,
Lavras ,MG,Chicaterraceramicas ,(35) 99761-6537,"Rua Costa Pereira ,132, centro cep37200184",Chicaterraceramicas ,Elétrico,"980ºC, 1220ºC",Não ,,,,
ARUJÁ ,SP,Léia Montezel cerâmica ,(11) 99656-2473 ,Rua São Vicente 237 Jordanopolis 07411-200 ,montezel_leia ,Elétrico,1220ºC,Não ,,,,
Mogi das Cruzes,SP,Cãmis Cerâmica e Jardim,(11) 93218-2979,"Estrada do Itapety, 100 Condominio Aruã Q20 L06 CEP 08771-910",@camisceramicaejardim,Elétrico,"1220ºC, 1240ºC",Não,,,,
Rio de Janeiro ,RJ,Flor Borges Ceramica e Arte,(21) 98250-2474,Estrada Velha da Tijuca 407/447 Alto da Boa Vista/Tijuca Montanha Clube Cep:20530-001 ,@florborges_ceramica ,Elétrico,"980ºC, 1220ºC, 1240ºC",Não ,,,,
Campina Grande do Sul ,PR,Atelier Tuca Sopchenski ,(41) 98809-7076,Xxxxxxx,Artes_tucasopchenski ,"Elétrico, Gás","980ºC, 1100ºC",Argila e esmalte,,,,
Rio de Janeiro ,RJ,Lavínia Ribeiro,(21) 98143-4032,"Rua GEORGINA DE ALBUQUERQUE 122, Barra da Tijuca , 22621-100",,Elétrico,"980ºC, 1100ºC, 1200ºC, 1220ºC, 1240ºC",Não ,,,,
Curitiba,PR,Artero Ateliê,(41) 99928-0912,"Rua Irmão Ruperto Félix, 177, bairro São Lourenço, 82.200-168",@artero.atelie ,Elétrico,"1200ºC, 1060 graus",Apenas para alunos,,,,
Cuiabá-MT ,MT,Très Jolie Artes e Presentes,(65) 99604-0375,"Av. Marechal Deodoro 1368, CEP 78 005-100",Irani_olariaartesanal,Elétrico,"980ºC, 1100ºC, 1200ºC, 1220ºC, 1240ºC","Argilas, esmaltes Risi, casa do Ceramista, Arte Brasil e outros matérias como corantes, óxidos, engobes, veículos, algumas matérias primas para formulações.",,,,
Balneário Camboriú ,SC,Donna Celestte,(47) 99635-4897 ,"Rua Peru 275, nações 88338-100 ",@donnacelestte,Elétrico,"1100ºC, 1240ºC","Argilas, esmaltes e espaço de coworking de cerâmica ",,,,
São Paulo,SP,Niuá Cerâmica,(11) 95459-7235,"Rua Luís Góis, 357, Mirandópolis, CEP 04043-250",@niua.ceramica,Elétrico,"1240ºC, 1040°C",Não,,,,
Belo Horizonte ,MG,ACeramicabh - Ana Cláudia Carolino ,(31) 98464-8199,Rua Ministro Hermenegildo de Barros 555 bairro Itapoã CEP 31.710-230,@aceramicabh,Elétrico,"980ºC, 1220ºC, 1240ºC",Não ,,,,
Rio de Janeiro ,RJ,Ateliê de Cerâmica Alice Garcia,(21) 3942-9222,"Rua Lopes Quintas, 215, casa 02, Jardim Botânico, 22460010",https://instagram.com/alicegarcia.ceramica,Elétrico,"1240ºC, 850",Não,,,,
Belo Horizonte ,MG,ACeramicabh - Ana Cláudia ,(31) 98464-8199,Rua Ministro Hermenegildo de Barros 555 Pampulha CEP 31.710-230,@aceramicabh,Elétrico,"980ºC, 1240ºC",Não ,,,,
Rio de Janeiro ,RJ,Emporium das Artes ,(21) 99926-4993,Av. Olégario Maciel - N° 518 - Cobertura 106 ,@emporium_das_artes,Elétrico,1240ºC,"Peças, Cursos Cerâmica e Argilas ",,,,
Londrina,PR,Flor e Sal,(43) 3361-2915,"Rua Luiz Lerco, 399, Terra Bonita, 86047-610",floresal.atelier,Elétrico,"980ºC, 1100ºC, 1200ºC, 1220ºC, 1240ºC",argila,,,,
Campo Magro,PR,Al Natural Cerâmicas ,(41) 98716-6054,"Estrada do Cerne,19218-Centro- 83535-000",Al Natural Cerâmicas,Elétrico,"980ºC, 1100ºC, 1200ºC, 1220ºC, 1240ºC",Não ,,,,
Curitiba,PR,Ateliê Art.Ron Ceramicas,(41) 98703-8802,"R. Prof. Benedito Nicolau dos Santos, 555, Sala 02 - Centro Cívico, 80530-150",www.artronceramicas.com.br e https://www.instagram.com/art.ronceramicas/,Elétrico,"980ºC, 1220ºC, 1240ºC",Não,,,,
Campinas,SP,C.MANCINI Studio Cerâmica,(19) 99950-5533,"Rua Luverci Pereira de Souza, 516. Cidade Universitaria. Barao Geraldo. 13083-725Campinas. ",https://www.instagram.com/c.manciniceramica/,Elétrico,"1220ºC, 1240ºC",NAO,,,,
Curitiba ,PR,Crisol ,(41) 99539-2538,Rua barão de guaraúna 374 ,Crisol_ceramica ,Elétrico,1240ºC,"Sim, argila ",,,,
São Paulo ,SP,Lu Zara Cerâmica ,(11) 97123-0447 ,"Rua Antenor Batista, 179. São Miguel Paulista.  CEP 08022-210 ",@luzaraceramica,Elétrico,1240ºC,Não ,,,,
Balneário Piçarras,SC,SilSou Ceramics,(47) 99247-2912,"Rua Garça Azul, 35, casa 3. Bairro Nossa Senhora da Paz, 88380000",silsouceramics,Elétrico,"1220ºC, 1240ºC, biscoito em 1000ºC",Não.,,,,
Cajamar,SP,Firenze atelier,(11) 97187-4692,"Rua josué lemes de lima,88. Polvilho 07792-340",,Elétrico,"980ºC, 1100ºC, 1200ºC, 1220ºC, 1240ºC",Não,,,,
Ubatuba,SP,Tita Atelie Ceramica ,(12) 98134-1100,"Rua nery José dias, 90. Pereque açu. 11695180",@tita_atelieceramica,Elétrico,1240ºC,Nao. ,,,,
Sorocaba,SP,Evanisa de Souza Pontes Costanzo  ateliê badapontes.ceramica,(15) 99774-1774 ,"Rua Luiz Marthe, 549, Granja Olga2, CEP 18017 204 ",@badapontes.ceramica,Elétrico,"980ºC, 1240ºC",Não  vendo,,,,
Garça,SP,Erika Medeiros ,(14) 99787-0020,"Julio Prestes , 206 - Williams - 17.402-006",Erikasilvamedeiros,Elétrico,"1220ºC, 1240ºC",Argila ,,,,
Conde,PB,Namastê Arte e Vivências ,(83) 98808-6756,Rua Ipiranga s/n CEP 58322000,@namastearteevivencias,Lenha,980ºC,Não ,,,,
Mineiros,GO,Janine Resende,(62) 98232-7602,Praça Bispo Dom Benedito,Janecresende,Elétrico,"1200ºC, 1240ºC",não,,,,
Camaquã,RS,Ateliê Felis Cerâmica,(51) 99870-8556,"Alice B. Padilha, S/N, Olaria 96785212",@felisceramica,"Elétrico, Gás, Lenha","980ºC, 1240ºC","Esmaltes autorais, pastas cerâmicas, torno manual, torno eletrônico, forno a lenha e forno a gás",,,,
Campo Grande/MS,MS,Flávio Ricardo Cerâmicas,(67) 99122-6267,"Rua Heitor Laburu, 484 - Itatiaia",@flavioricardoceramicas,Elétrico,1240ºC,"Sim. Esmalte, Argila, Aulas.",,,,
Uberlândia ,MG,Alexsandra Emília ateliê ,(34) 99235-9583,"Rua Glória, 100 Uberlândia mg 38411100",Alexsandra Emília ateliê cerâmica ,Elétrico,"980ºC, 1220ºC, 1240ºC, 780 graus para porcelana e ouro",Não ,,,,
Cambé ,PR,Rafa Ruiz,(43)99670-8934,"Savona, 302, JD.Montecatine 86186230",Rafa Ruiz Cerâmica ,Elétrico,"980ºC, 1100ºC, 1240ºC",Nao,,,,
Curitiba ,PR,CeramicMood,(41)99544-2686,"Estrada Guilherme Weigert, 999 - Santa Cândida CEP:82720-000",www.ceramicmood.com.br,Elétrico,"980ºC, 1220ºC, 1240ºC",Argilas e esmaltes.,,,,
Divinópolis ,MG,Ateliê by Rayna Luiza ,(37)99104-6590,"Rua Minas Gerais, 1397, Centro 35500007",Arquitetarayna,Elétrico,"980ºC, 1100ºC, 1200ºC",Não ,,,,
Rondonópolis,MT,Viva Barro,(66)97400-2409,Rua I Q 12 L 15 Chacara Lua Nova Globo Recreio,@vivabarro.nalme,Elétrico,"980ºC, 1220ºC, 1240ºC",Não,,,,
São Francisco do Sul ,SC,Ateliê Sabiá ,4199919-8511,Rua Itamundi,https://www.instagram.com/ateliesabia/,Elétrico,"980ºC, 1100ºC, 1200ºC, 1220ºC, 1240ºC","Sim, argila e alguns materiais ",,,,
Florianópolis SC,SC,Via Arte Ateliê de Cerâmica ,(48)99149-2556,"Avenida Rio Branco, 533 Centro CEP88015-201",@viaarteatelie,Elétrico,"980ºC, 1100ºC, 1200ºC, 1220ºC, 1240ºC, 750oC","Sim. Massas, Esmaltes Mayco, Esmaltes autorais, peças de cerâmica artística utilitária",,,,
Rio de Janeiro ,RJ,Cerâmica Esteves,(21) 98862-9888,"Rua Dona Maria,10 Vila Isabel CEP 20541-030",@ceramicaesteves,Elétrico,"980ºC, 1240ºC",Não,,,,
Divinopolis,MG,atelier ray ceramic,(37) 99104-6590 ,"Rua Minas Gerais, 1397, Centro, Divinopolis 35500007",rayceramic,Elétrico,"980ºC, 1100ºC, 1200ºC, 1220ºC",Não,,,,
Maringá ,PR,Natália Norika Yassunaka Hata ,(43) 99928-7092,"Palmital, 500B, Quebec, 87023-480",Hatanaty ,"Elétrico, Gás, Lenha","980ºC, 1100ºC, 1200ºC, 1220ºC, 1240ºC",Não ,,,,
Santo André ,SP,Mão de Barro ,1197390-8004,Rua dona Maria do Carmo ,,Elétrico,"980ºC, 1240ºC",Não ,,,,
Piracicaba,SP,Claudia Denise Mardegam,(19) 99667-8168,"Rua Fernandopolis, 200, Bairro Pau D´ Alhinho - CEP 13403-632",claumardegam.ceramica,Elétrico,"1240ºC, Biscoito 900° C",Não,,,,
Rio de Janeiro,RJ,Rosamaria Ateliê,(11)97604-0420,"Ladeira do castro, 195",@rosamariatelie,Elétrico,"980ºC, 1220ºC",Vendemos argilas e futuramente esmaltes e engobes.,,,,
Goiânia,GO,Amassa Cerâmica,+55 62 9248-5298,"Rua Marquês Lopes, qd14, lt21, Cj Castelo Branco, 74413-320",@amassa.ceramica,Elétrico,"980ºC, 1220ºC, 1240ºC",Sim. Massa Pascoal e Esmalte Gaia,,,,
Curitiba ,PR,Ateliê Potì ,41 98404-5700,"rua doutor faivre, 727, centro, 80.060-140",@atelie.poti,Elétrico,"980ºC, 1240ºC",vendo ferramentas e materiais de apoio para ceramistas,,,,
Rio de Janeiro ,RJ,Cindy Doza Cerâmica ,(21) 97204-8815,"Estrada Velha Da Tijuca 152, Alto da Boa Vista. CEP: 20531080",https://www.instagram.com/cindydoza.ceramica?igsh=NXF0OW5nYXFlbTM3,Elétrico,"980ºC, 1100ºC, 1200ºC, 1220ºC",Engobes,,,,
São Paulo,SP,Cementera,(11) 94214-8054,"Travessa Emília Alba, 162, Lapa, CEP 05065-090",https://www.instagram.com/oficinacementera/,Elétrico,1240ºC,Não,,,,
Lins,SP,Helo Medeiros Ceramics,(11) 98284-0716,"Rua Antônio Fernandes Ibanes, 580 - Residencial Morumbi, 16400-600",@helomedeirosceramics,Elétrico,1240ºC,Vendo argila fracionada.,,,,
Aquidauana ,MS,Helane ,(67) 99232-1822,"Rua Estevão Alves Corrêa,200",Drahelaneribeiro ,Elétrico,1240ºC,Não ,,,,
Rio De Janeiro,RJ,@terapiapelaarte,(21) 98283-6383,"Avenida Almirante Júlio de Sá Bierrenbach, 65, bloco 05, LOJA 103.",@terapiapelaarte,Elétrico,"980ºC, 1240ºC",Não ,,,,
Barretos,SP,Gisa Cerâmica,(17) 99132-5404,Rua Venezuela - América - 14783-183,@gisa.ceramic,Elétrico,"980ºC, 1100ºC, 1200ºC, 1220ºC, 1240ºC",Não,,,,
Salvador,BA,Manuella Saadi,(71) 99367-9340,Rua Oito de dezembro 605 graça 40150000,@letsbefireflies,Elétrico,"980ºC, 1100ºC, 1200ºC, 1220ºC, 1240ºC",Não ,,,,
Cascavel,PR,Terracota Cerâmicas 3D,(44) 99972-8621,"Rua Manoel da Nóbrega, 863 - Parque São Paulo - CEP 85.803-640",https://www.instagram.com/terracota3d,Elétrico,"980ºC, 1220ºC, 1240ºC, Programamos sua rampa de queima",Não,,,,
São José dos Campos ,SP,Joana Alvarenga Rosa ,(12) 99122-6524,"Rua coronel madeira, 42",,Gás,"980ºC, 1200ºC",Não ,,,,
Rio de Janeiro ,RJ,Pedro Teixeira ,(21) 99254-7312,Otaviano hudson 16,,Elétrico,1240ºC,Não ,,,,
São Paulo ,SP,Barro na Veia,(11) 97152-2144,"Rua Alberto Torres, portão 3 (Colégio Santa Marcelina) Perdizes cep 05006-030",https://www.instagram.com/barro.naveia,Elétrico,"1220ºC, 1240ºC",Não ,,,,
Guanhães,MG,MQatelier,(33) 98864-0960,"Rua Dos lírios , 50  Bairro Jardins 39740-000",@mqatelier,Elétrico,980ºC,Não ,,,,
Santos,SP,Terra Corada,(11) 97977-3222,Rua Afonso Pena 749,@terra.corada,Elétrico,"980ºC, 1100ºC, 1200ºC, 1220ºC, 1240ºC,  Qualquer temperatura ",Não.,,,,
Tubarão ,SC,Estefania dos Santos Antunes ,(48) 99906-0608,"Pedro Gomes de Carvalho,726. Oficinas. 88702060",Estefania Antunes ,Elétrico,"980ºC, 1240ºC",Não ,,,,
Rondonópolis ,MT,Dislene Barbosa - Ateliê 109,(66) 99653-5692,"Rua Luiz Aníbal dos Santos, 109 - Jardim Azaleia  - Rondonopolis ",https://www.instagram.com/dislenebarbosa?igsh=M2hldXVibTJ3eWFh,"Elétrico, Gás","980ºC, 1100ºC, 1220ºC, 1240ºC","Sim, o Atelie 109 vende Massas cerâmica.",,,,
Mogi das Cruzes,SP,CERAMIKAMA,(11) 97230-2787,Rua Emílio Zapile 91,@CERAMIKAMA,Elétrico,"980ºC, 1100ºC, 1200ºC, 1220ºC, 1240ºC, 1250",Não,,,,
São Pedro da Aldeia-Rj ,RJ,Elis Dálete Ateliê ,(22) 99947-2794,"Samambaia, 3, Alecrim 28944-560 ",Elis Dálete Arte Cerâmica ,Elétrico,"980ºC, 1240ºC","Sim, Argila Terra Nova, e ferramentas. ",,,,
Santos,SP,Isabella Basaglia / Breguinha Cerâmicas,(13) 99604-0607,Av Floriano Peixoto 277 - Pompéia 11060-303,@isabasaglia/ @breguinhaceramicas,Elétrico,"980ºC, 1240ºC, terceira queima para lustros/decalque 750°",Argilas pascoal,,,,
Campinas,SP,Ro Pompeo Ceramicas,(19) 99351-9149 ,"Dr Jose Vicente,32 Jd Palmeiras - 13.131 526",RoPompeoCeramicas,Elétrico,1240ºC,Sim. Argilas Terra Nova e esmaltes próprios.,,,,
Ilhabela,SP,Maria de Barro,(12) 99174-6336,"Rua Manoel Hilario da Silva, 125, Reino 11631-384",@ceramica_maria_de_barro,Elétrico,1240ºC,Não,,,,
Florianópolis ,SC,Via Arte Ateliê de Cerâmica ,(48) 99149-2556,"Avenida Rio Branco, 533. Sala 5.",@viaarteatelie,Elétrico,"980ºC, 1100ºC, 1200ºC, 1220ºC, 1240ºC",Sim. Massas e esmaltes ,,,,
Rio de Janeiro ,RJ,Ateliê Marcia Esteves,(21) 98862-9888,"Rua Dona Maria 10  Vila Isabel, RJ CEP 20541-030 ",@marciaestevesatelie,Elétrico,1240ºC,Não ,,,,
Sapiranga,RS,Camila Schmitt Prochnow,(51) 99645-3144,"Rua Divinópolis, 39 - Centro 93800098",@capitu.aromas,Elétrico,"980ºC, 1100ºC, 1200ºC, 1220ºC, 1240ºC",Não,,,,
Santa Maria,RS,Juliana Azevedo Porcelana Pintada,(55) 99966-5677,99110410,@juazevedoporcelanapintada,Elétrico,980ºC,Nao,,,,
Serra da Cantareira,SP,Artes Guará,(11) 99366-0229,"Alameda dos Ipês, 475",@artes_guara,Elétrico,"980ºC, 1100ºC, 1200ºC, 1220ºC, 1240ºC",não,,,,
Tatuí ,SP,Karina Nivoloni ateliê ,(15) 99792-7463,"Centro hípico Tatuí - senador Laurindo Dias Minhoto km 24, cep 18270-001",@karinanivoloniatelie,Elétrico,"980ºC, 1220ºC, 1240ºC, Baixa temperatura ","Sim : argila , esmaltes e pincéis ",,,,
Embu das Artes ,SP,Paola Marchi,(11) 9880-57600 ,"Av Monteiro Lobato,  317, Parque das Artes, Kardim Indaiá, cep 06846-510 ",@florilegus ,Elétrico,"900, 1230, 1240",Não ,,,,
Santo André,SP,ILO Estúdio,(11) 99937-3999,"Travessa Marcelina, 32, Centro. CEP: 09040120",https://www.instagram.com/iloestudio?igsh=cnFiaHM4OXhiaHpu,Elétrico,"1220ºC, 1.000",Não,,,,
Ubá,MG,Qumboo Studio ,(11) 98180-9119,"Vila N. sra do Carmo, 50",,Elétrico,1240ºC,Argilas ,,,,
Porto Alegre ,RS,Odd Arts ,(51) 99331-4081‬,"Rua Anita Garibaldi, 1515 bairro Boa Vista - CEP 90450-000",https://www.instagram.com/_odd_arts_?igsh=MWc3aWh2Z2M3YXU3aA==,Elétrico,"980ºC, 1220ºC, 1240ºC, 900",Não ,,,,
Cachoeira do Sul,RS,Ana Witeck Ateliê de Cerâmica ,(51) 99699-5756,"João Carlos Gaspary,242. Bairro Rio Branco. 96506-550",@anawiteckcerâmica,Elétrico,"980ºC, 1220ºC, 1230⁰",Não ,,,,
Presidente Prudente,SP,Unoeste (Universidade do Oeste Paulista),(18) 99185-9466,Campus II - Rodovia Raposo Tavares km 572 | Limoeiro | CEP 19067-175,https://www.unoeste.br,Elétrico,"980ºC, 1240ºC",Não,,,,
Juazeiro / Petrolina ,BA,L’artisan ,(74) 98814-4846,"R. Sebastião Almeida Branco, 100 - Loja 7 - Pedra do Lord, Juazeiro - BA, 48901-340",@lartisanbrasil,Elétrico,1240ºC,Não ,,,,
Itu,SP,SRG.ceramica,(11) 97735-4150,"Rua Paula Souza,326 centro Itu 13300-050",@srg.ceramica,Elétrico,"1240ºC, 950 graus",Nao,,,,
Balneário Camboriú,SC,Relaxe a mente,(47) 99663-4616,"Rua egidio alfredo crispim, n.55, sala 2, bairro pioneiros, cep 88331-030",@relaxeamente__,Elétrico,"980ºC, 550 cristal, 760/780 porcelana","Sim. Todos eles, peças em biscoito, porcelanas, pincéis, esmaltes, tintas de vidro, porcelana e outras.",,,,
Atibaia,SP,Marta Magrini Baratella ,(11) 99958-5060,Atibaia ,marta_mbaratella,Elétrico,"1100ºC, 1220ºC, 1240ºC, ",Quando disponível.,,,,
Grande Colorado - Sobradinho II,DF,Pedro Câmara,(61) 99269-9827,73105-150,,Elétrico,"980ºC, 1100ºC, 1200ºC, 1220ºC",Argila ,,,,
Juazeiro,BA,LARTISAN ,(74) 98814-4845,"Avenida Sebastiao Almeida Branco, 100, Letra B Loja 07",@latisanbrasil,Elétrico,1240ºC,Nao ,,,,
Ubá,MG,SR Cerâmicas ,(32) 99803-0982,"Rua Jesus Monteiro de Barros, 176, Bairro Boa Vista. CEP 36501-016",https://www.instagram.com/srceramicass?igsh=cTlrNXg3eTFwOGJt,Elétrico,"980ºC, 1100ºC, 1200ºC, 1220ºC, 1240ºC, 1.300",Não ,,,,
Balneário Piçarras ,SC,Cleo Bittencourt  Cerâmica ,(47) 99131-0845 ,Miguel Pinto 147 Nossa Senhora da Paz  88380-000 ,Cleo Bittencourt Design ,Elétrico,"1100ºC, 1240ºC",Sim,,,,
Atibaia,SP,Ateliê de Cerâmica Danuza Campos,(11) 98825-3801,"Rua: Benedito Leite, 243 Vila Helena Cep:12947-002",https://instagram.com/atelieceramicadanuza,Elétrico,1000°/1223°/750 °,"Argila Terra Nova, esmaltes nacionais e importados, pincéis e ferramentas em
geral.",,,,
Londrina ,PR,Adurra Ateliê ,(43) 99906-4865,"Rua são Luiz, 88, vila Shimabokuro",@adurraatelie,Elétrico,"980ºC, 1200ºC, 1220ºC","Sim, argilas e esmaltes ",,,,
Salvador,BA,Ateliê Amon,(71) 98101-2604,"Av. Tancredo Neves, 2539 - Caminho das Árvores, 41820-021",@atelieamon,Elétrico,"1220ºC, 1240ºC, 1000ºC",Não,,,,
Jundiaí,SP,Silca Artes,(11) 95054-1383,"Rua João café filho 271, jardim Danúbio 13214081",www.silcaartes.com.br @bysilca,Elétrico,1240ºC,Vendo argilas ,,,,
Piracicaba ,SP,Clau Mardegam Cerâmica ,(19) 99667-8168 ,"Rua Fernandopolis 200, Bairro Pau d Alhinho, Cep13403-632",@claumardegam.ceramica,Elétrico,1240ºC,Argilas ,,,,
Luis Eduardo Magalhaes,BA,Juliana Azevedo Dias da Costa,(55)99966-5677,Dorival caymi 1075 quadra 97 lote 11 cep 47850-015,@julianaazevedoporcelanas,Elétrico,980ºC,Não ,,,,
Salto ,SP,Ateliê Badayo,(11)99499-1845,"Machado de Assis, 22 Jardim Três Marias 13320545",@atelie.badayo,Elétrico,"1220ºC, 1240ºC, 1000°",Não ,,,,
Campinas,SP,Fluxo Ceramicas,(19)99666-1691,"Rua madalena barbosa ferreira 281, vila lemos - 13100-486 ",@fluxo.ceramicas,Elétrico,"980ºC, 1280",Esmaltes,,,,
Diadema ,SP,Marisol ibarzabal. Atelie Betel,(11) 97232-3003,Marconi 219. Conceição. 09990-450,msolibar,Elétrico,"980ºC, 1100ºC, 1220ºC",Nao,,,,
São Paulo,SP,Scrimin Porcelanas,(11)97279-1983,"Rua Doutor Franco da Rocha, 33 - Perdizes - 05015-040",www.scriminporcelanas e @scriminporcelanas,Elétrico,"980ºC, 1200ºC, 1220ºC, 1240ºC, 780° e 600° em caso de ser vidro",Vendemos materiais para pintura em porcelana e baixo esmalte.,,,,
Curitiba,PR,La chascona,(41) 99578-7424,"Francisco Becker, 232 - Umbará - 81930650",@lachascona.atelie / @barbara.facchini,Elétrico,1220ºC,Argila - terra nova ,,,,
Curitiba,PR,Zoca Cerâmica,(41) 9944-8147,"R. Dr. Álvaro Teixeira Pinto, 210 - Santa Cândida, 82640-580",zocaceramica,Elétrico,"1240ºC, 900º",Não,,,,
Porto Alegre,RS,Rosimeri Carvalho ,(51)99907-1805,"Rua Laurindo, 332 Santana 90040140",@atelie_fogo_encantado,Elétrico,"980ºC, 980 a 1050",Não,,,,
Teresina ,PI,Vitarte ,(86) 99583-6662,"Rua artur silveira, 4105, ininga. Cep 64048-545 ", v.i.tarte,Elétrico,1240ºC,Não,,,,
Novo Hamburgo ,RS,Ateliê Ibirubá ,(51)98013-6343,"Rua itai, 246, Vila Nova, 93525280",atelie.ibiruba,"Elétrico, Gás","980ºC, 1100ºC, 1200ºC, 1220ºC, 1240ºC",Não ,,,,
São Paulo ,SP,B.tengan,(11) 99975-4162,Rua Maria Curupaiti 1291 Vila Ester cep 02452-002 ,@B.tengan_,Elétrico,"980ºC, 1240ºC",Não ,,,,
São José dos Campos ,SP,Ateliê Malu Zottele,(12)99765-0305,Urbanova,Atelie.maluzottele,Elétrico,"1240ºC, 950• biscoito , forno novo Stecno",Não ,,,,
"São José dos Campos, SP",SP,FR Cerâmicas,(12) 99777-7719,"Rua Com. Remo Cesaroni, 219 - Vila Ema - 12243-020","site: www.frceramicas.com.br 
Instagram: https://www.instagram.com/frceramicas/profilecard/?igsh=eHZqeGgyODY4dzhp",Elétrico,"980ºC, 1100ºC, 1200ºC, 1220ºC, 1240ºC",Não. ,,,,
Salto ,SP,Ateliê Badayo ,(11) 99499-1845 ,Rua Machado de Assis 22 jd três Marias 13320-545 ,@atelie.badayo ,Elétrico,"1220ºC, 1000°",Argila Pascoal,,,,
Jaboticabal,SP,Mestry,(16) 99704-6650,Manoel donato gonzales ,,Elétrico,1240ºC,Ainda nao vendo minhas peças ,,,,
Vargem - Bragança Paulista - Extrema ,SP,Sorella Ceramica ,(11) 98852-7333,"Rua Dorvalino Gonçalves de Souza - km 2,5 - Bairro do Guaraiúva - Vargem - SP *Conceição Massas*",,Elétrico,"1220ºC, 1240ºC",Não ,,,,
Pato Branco,PR,Studio de Cerâmica Larissa Kanay,(46) 93505-8928,Rua Tapir 2360,instagram/larissakanayceramicas,Elétrico,"980ºC, 1220ºC, 1240ºC",Sim,,,,
Itabirito,MG,Leida Teixeira - Ateliê de Artes ,(79) 99972-1825,"Rua Manoel Aontonio, 267, Bairro Saudade, CEP 35452-202",@leida_teixeira,Elétrico,"980ºC, 1100ºC, 1220ºC",Não,,,,
São Paulo / Butantã ,SP,Latin Gueixa cerâmicas,(11) 97338-2190,"Rua Michael Kalinin,104,instituto de previdência, 05530110",@latingueixaceramicas,Elétrico,1240ºC,Não,,,,
Tubarão/SC ,SC,Ceramica Antunes,(48) 9990-60608,"Pedro Gomes de Carvalho,726 oficinas 88702060",@ceramicaantunes,Elétrico,1240ºC,Não ,,,,
Aracaju,SE,Avoada Design / Gabriela Cabral ,(79) 99145-7541 ,"Rua Cantor Ismar Barreto Doria, 63, Aruana - 49000-504 ",@avoada.design,Elétrico,"980ºC, 1240ºC",Não ,,,,
Tangará da Serra ,MT,Ateliê Marlova Marangoni ,(65) 99606-0096,"Av Lions internacional,  2504",@marlova_marangoni,Elétrico,"980ºC, 1220ºC, 750°C",Nao,,,,
Osasco,SP,GRIN,(11) 98176-2836,"Rua Benedito de Campos, Jaguaribe - Osasco CEP: 06050-040",Instagram: @grin_arte ,Elétrico,"1240ºC, 900°C",Não vendo materiais ,,,,
Curitiba ,PR,Flávia Ozik ,(41) 99926-5452,"R. Coronel Wallace Scott Murray, 853 / 1 - Santa Cândida CEP 82640-170",@flavia.ozik,Elétrico,"980ºC, 1100ºC",Não ,,,,
Curitiba ,PR,Ateliê Tauá ,(41) 99926-5452,"Rua Euclides Bandeira,1427 - Centro Cívico ",@atelie.taua,Elétrico,"980ºC, 1220ºC, 1240ºC",Não ,,,,
vitória da conquista ,BA,Talita Lessa Ateliê ,(77) 98829-3783,"rua augusto seixas, 150, Recreio, 45020705",@talitamlessa,Elétrico,"980ºC, 1220ºC",não ,,,,
Indaiatuba SP,SP,Maya ceramicas,(19) 97133-5143,"Rua Dom Ildefonso Stehlle, 740 - Cidade Nova - cep: 13334-180",@Maya.artenatureza,Elétrico,1240ºC,Ainda não ,,,,
Bauru,SP,MTCST,(14) 99725-7052,Avenida nossa senhora de Fátima 6-30,Www.mtcst.com e www.instagram.com/mtcst_,Elétrico,"980ºC, 1240ºC",Argilas e ferramentas básicas ,,,,
Macaé ,RJ,T. Oss cerâmica ,(22) 99885-0023,27932000,T.oss_ceramica ,Elétrico,1240ºC,Não ,,,,
Rio de Janeiro,RJ,Capichic Estúdio,(21) 99324-0203,"Marquês de São Vicente 452sb, 22451-044",@capichic.estudio,Elétrico,"1240ºC, 1000°",Vendemos argilas da Terra Nova,,,,
Nova Lima,MG,Ateliê Mendes Datto,(31) 99809-0144,Rua Inácio Isidoro 144 A .Bairro Retiro,ateliemendesdatto@gmail.com,Elétrico,"980ºC, 1240ºC",Argila,,,,
Indaiatuba,SP,Meu Querido Barro,(19) 98127-5191,"Rua nove de julho, 1630, Vila Georgina ",@querido_barro,Elétrico,"1100ºC, 1240ºC",Não ,,,,
São Paulo ,SP,Simone Schiavon e Lê Ribeiro,(11) 99998-2288  e  (11) 97202-2988,Rua matarazzo 353 bom retiro 01128010,@belospramin_ e @leribeiro.arte,Elétrico,"1220ºC, 1240ºC",Não ,,,,
Campo Grande ,MS,Nilza Guimarães de Araújo (ateliê nil artes),(67)99646-9291,Rua 13 junho 2535 b.sao francisco cep 79010-200 ,Nilzaguima54@gmail.com,Elétrico,"980ºC, 1100ºC, 1200ºC, 1220ºC","Só esmalte, vou começar a vender ",,,,
Campinas ,SP,Cerâmica SF,(19)98123-3236,"Rua Bruxelas, 35. Residencial estância eudoxia. 13085-561",s.fceramica ,Elétrico,"1220ºC, 1240ºC",Vendo argilas das Terra Nova (Egito e Cappucino) ,,,,
Porto alegre ,RS,Atelier Selmo Ramos - loja e escola,(51) 98938-6480  ou (51) 3372-9194,"Rua itaborai, 230, jardim Botânico,  CEP :90670-030,  Porto Alegre-RS","www.atelierselmoramos.com.br  
Instagram  @atelierselmoramos",Elétrico,"980ºC, 1100ºC, 1200ºC, 1220ºC, 1240ºC, Porcelana","Sim, vendemos todos os materiais para cerâmica, como vidrados, argilas, matérias primas e fabricamos há 50 anos as melhores ferramentas para cerâmica e escultura. ",,,,
Belo Horizonte ,MG,Emi Vieira Cerâmica ,(31) 98355-9122,"Rua dos Timbiras, 2856 Barro Preto 30140-062",@emivieira_ceramica,Elétrico,"1000°C, 1050°C, 1240°C",Nao. ,,,,
São Paulo ,SP,ARTERRA / Eduardo Mosaner,(11) 99947-9948,Rua Jacatirão 422 Chácara Monte Alegre CEP 04647010,emosaner,Elétrico,1240ºC,Não ,,,,
Bragança Paulista ,SP,Phýsis Cerâmica ,(11) 97163-4700,"Rua Dom Aguirre, centro, CEP 12.900-430 ",,Elétrico,"980ºC, 1240ºC",Não vendo materiais ainda,,,,
Pelotas,RS,A dona ceramica ,(53) 98406-9898,"Travessa Leonel de Moura Brizola, 650",@adonacreramica ,Elétrico,"980ºC, 1220ºC",Não ,,,,
Salto ,SP,Badayo Ateliê ,(11) 99499-1846,"Rua Machado de Assis, Jardim Três Marias, 13320-545",,Elétrico,"980ºC, 1220ºC, 1240ºC, 1000°",Sim! Argila da Pascoal ,,,,
São Paulo,SP,Yamamoto Cerâmica,(11) 95022-3330,"R. Engenheiro Andrade Júnior, 81 - Tatuapé - 03061-040",@yamamoto_ceramica,Elétrico,"980ºC, 1240ºC",Não,,,,
Bragança Paulista,SP,Phýsis Cerâmica,(11) 97163-4700,Rua Dom Aguirre,@physis.ceramica,Elétrico,"980ºC, 1240ºC",Não,,,,
RIO DE JANEIRO ,RJ,Cerâmica Lyra,21 99415-7545 ,Rua Assis Republicano 309 Freguesia Jacarepaguá CEP 22745-030 ,@fernandolyrareis,Elétrico,"980ºC, 1100ºC, 1200ºC, 1220ºC, 1240ºC",Esmaltes,,,,
Curitiba ,PR,Alma Sana Ateliê de Cerâmica ,(41) 99105-0573,"Rua visconde do Rio Branco, 461, Merces ",@almasanaatelie,Elétrico,"980ºC, 1220ºC",Nao,,,,
Santo andre ,SP,Alem D'art atelier Marcia Porto Poltronieri ,11 99549-3966 ,Rua riachuelo 19 Vila assuncao   santo andre ,"Alemdartatelier
Marcia Porto Poltronieri ",Elétrico,980ºC,Não. Dou aulas de pintura e vendo somente cerâmica biscoito ,,,,
Araras,SP,Cerâmica Nalle,(19)99784-1349,"Rua Hermenegildo Simioni, 337, Jardim Itapuã ",https://www.instagram.com/ceramicanalle?igsh=YzljYTk1ODg3Zg==,"Elétrico, Gás","980ºC, 1100ºC, 1200ºC, 1220ºC, 1240ºC, Raku",Peças de cerâmica.,,,,
Itu,SP,Renata Pavani ,(11)99500-0678,"Rua Portugal, 270, vila Roma, Cep: 13.310-440",,Elétrico,1240ºC,Não ,,,,
Rio de Janeiro,RJ,TERAPIA PELA ARTE,(21) 98784-74000,"Av. Almirante Julio de Sá Bierrenbach 65, BL 5 LOJA 103, Barra da Tijuca - Av. Almirante Julio de Sá Bierrenbach 65, BL 5 LOJA 103, Barra da Tijuca - Av. Almirante Julio de Sá Bierrenbach 65, BL 5 LOJA 103, Barra da Tijuca - 22775-015",https://www.instagram.com/terapiapelaarte/#,Elétrico,"980ºC, 1240ºC",Vendemos argila e esmaltes por encomenda. Também dispomos de peças prontas e biscoito para venda.,,,,
São Paulo,SP,Shoyu Crafts,(11) 98816-7001,"Rua Capote Valente, 697 - Pinheiros - CEP 05409-002",https://www.instagram.com/shoyucrafts,Elétrico,"980ºC, 1240ºC, Aceitamos queima personalizada para fornadas fechadas",Não,,,,
Tatuí ,SP,Ateliê Karina Nivoloni ,(15) 99792-7463,"no trevo do Ceagesp, entre no acesso pela marginal - Rodovia. Senador Laurindo Dias Minhoto, km24 - a direita, Tatuí - SP, 18270-002",Ateliê Karina Nivoloni ,Elétrico,"980ºC, 1220ºC","Argila , esmaltes , materiais ",,,,
Jundiaí ,SP,Questa Cerâmica ,(11) 91525-2927,"R. Maestro José Bovolenta, 63 - Vila Progresso, Jundiaí - SP, 13202-270",https://www.instagram.com/questaceramica?igsh=MWp2YWdtYm1hanFnOQ==,Elétrico,"1220ºC, 1000",Venda de esmaltes ,,,,
Parauapebas ,PA,Miqueli brito ,(62) 99300-7720,Rua A05 qd 7 LT 40-b 68515000,Miquelibrito,Elétrico,"980ºC, 1220ºC",Não.,,,,
Salvador ,BA,Múwá Ateliê de Cerâmica ,(71) 99272-4683,"Largo da Palma, 01 Mouraria ",@anniarizia_art,Elétrico,"980ºC, 1100ºC, 1200ºC, 1220ºC, 1240ºC",Argila e Estecas ,,,,
São Paulo ,SP,Studio Bluna,(51) 99996-2500,"Rua Pavão, 480, Sala B, Moema, 04516-011",@studiobluna www.studiobluna.com,Elétrico,"1240ºC, 1000",Não ,,,,
Eldorado do Sul,RS,Beatriz Juchem,(51) 99962-6394,"Av da Liberdade, 921- Parque Eldorado. Eldorado do sul, CEP 92990000",https://www.instagram.com/bj_handmade_in_brazil?igsh=cjJnMHA1enlpYXly,Elétrico,"980ºC, 1240ºC",Não ,,,,
Guarujá,SP,Luciana Carvalho Cerâmica,(11) 99947-1606,"Rua Tiago da Silva, 272",https://www.instagram.com/lucianacarvalhoceramica/,Elétrico,"980ºC, 1220ºC, 1240ºC",Não,,,,
Conchas,SP,Aldeia da Folha Espaço Cultural ,(11) 99342-6864,"Rodovia Marechal Rondon, km 191,5. Cep 18578-899",@aldeiadafolha_espacocultural,Elétrico,"980ºC, 1100ºC, 1200ºC, 1220ºC",Posso vender do meu estoque. Argilas e esmaltes nova farias ,,,,
Rio de Janeiro ,RJ,Cerâmica Lyra,(21) 99415-7545,Rua Assis Republicano 309 Freguesia 22745-030 ,www.instagram.com.fernandolyrareis,Elétrico,1240ºC,"Argila , moldes de gesso, barbotinas, e esmaltes",,,,
Caxias do sul,RS,Cerâmica da terra,(54) 99998-8987,"Rua vereador Mario Pezzi, 473, exposição, cep 95084180",Cerâmica da Terra,Gás,1240ºC,"Sim, argila Terra Nova e ferramentas",,,,
São José ,SC,Gili Souza,(48) 99611-7081,"Rua independência, 1500, Areias 88113280",www.instagram.com/gili.souza,Elétrico,1240ºC,Vendo meus trabalhos cerâmicos e Glass fusing.,,,,
São José ,SC,Estúdio de Arte Kátya Sayara ,(48) 98436-8490,"Rua Léo Augusto da Silva, 603, Serraria. 88115-350",www.katyasayara.com.br,Elétrico,"980ºC, 1100ºC, 1200ºC, 1220ºC, 1240ºC","Sim. Somos uma loja de materiais para ceramistas. Temos ferramentas, acessórios, pincéis, mobílias, esmaltes cerâmicos, engobes, corantes, matérias primas, fornos, tornos, etc.",,,,
Jacareí ,SP,Regina Maria Campos Pimentel ,(12) 98229-9418,Avenida Costa Rica 208 Jd Marcondes 12305020,@_reginapimentel,Gás,980ºC,Não ,,,,
Cuiaba,MT,Cátia Hara ceramicas,(65) 99617-7012,"Avenida Uruguai,248, Santa Rosa. 7804360",https://www.instagram.com/haraceramicas?igsh=aXFlZTZibmd1Nm5z&utm_source=qr,Elétrico,"1240ºC, 900",Argilas Pascoal: tabaco e terracota,,,,
Niterói,RJ,Atelier 202,(21) 99934-5082,"Thieres Francisco Santana, 66, badu, 24320-210",@o_atelier202,Elétrico,"1240ºC, 1000","argilas, esmaltes.",,,,
Itajaí ,SC,D'ALMA ATELIÊ ,(47) 99609-7356 ,"Rua Carlos Schroeder, 146, São Vicente 88309-260 ",https://www.instagram.com/d.almaatelie?igsh=MXVoc2tpY3R2ajd4aA==,Elétrico,1240ºC,No momento não ,,,,
Rio de Janeiro,RJ,Sideral Artes,(21) 99238-9702,"Rua Visconde de Itamarati, 72 Maracanã CEP 20550-140",@sideral.artes,Elétrico,"980ºC, 1100ºC, 1200ºC, 1220ºC",Não,,,,
Curitiba,PR,Ateliermfporcelanas,(41) 99600-3100,Av Presidente Getúlio Vargas 2584 ap. 302 - Bairro água verde,Ateliermfporcelanas ,Elétrico,  750 a 800 graus.,Não ,,,,